,game_id,date,team,opp,capacity,venue_id,team_id,opp_id,team_rank,opp_rank,attendance,venue_time_zone,opp_time_zone,team_time_zone,opp_points,team_points,opp_field_goal_att,team_field_goal_att,opp_field_goal_made,team_field_goal_made,opp_field_goal_pct,team_field_goal_pct,opp_3pt_att,team_3pt_att,opp_3pt_made,team_3pt_made,opp_3pt_pct,team_3pt_pct,opp_free_throw_att,team_free_throw_att,opp_free_throw_made,team_free_throw_made,opp_free_throw_pct,team_free_throw_pct,opp_rebounds,team_rebounds,opp_assists,team_assists,opp_steals,team_steals,opp_blocks,team_blocks,opp_turnovers,team_turnovers,opp_fouls,team_fouls,game_counter,total_team_points,total_opp_points,total_team_fg_att,total_opp_fg_att,total_team_fg_made,total_opp_fg_made,total_team_fg_pct,total_opp_fg_pct,total_team_3pt_att,total_opp_3pt_att,total_team_3pt_made,total_opp_3pt_made,total_team_3pt_pct,total_opp_3pt_pct,total_team_ft_att,total_opp_ft_att,total_team_ft_made,total_opp_ft_made,total_team_ft_pct,total_opp_ft_pct,total_team_rebounds,total_opp_rebounds,total_team_assists,total_opp_assists,total_team_steals,total_opp_steals,total_team_blocks,total_opp_blocks,total_team_turnovers,total_opp_turnovers,total_team_fouls,total_opp_fouls,venue_code,venue_time_zone_code,team_time_zone_code,opp_time_zone_code,team_code,opp_code
0,558ceddb-1db3-4b31-b5f2-3e70b571a0ea,2023-11-21,UTEP Miners,California Golden Bears,2000.0,b63e70d1-3eef-4aaf-9404-7221125031f7,06d15d35-4955-4fdd-83d9-32d24dbd795b,aacdc78d-b7fa-48f6-9686-2fdb8a95030e,0.0,0.0,0.5652543219746178,US/Central,US/Central,US/Central,72.0,57.0,42.0,52.0,23.0,21.0,54.8,40.4,14.0,15.0,4.0,5.0,28.6,33.3,29.0,15.0,22.0,10.0,75.9,66.7,27.0,32.0,14.0,8.0,6.0,5.0,3.0,3.0,15.0,19.0,15.0,25.0,1.0,0.1051660516605166,0.09574468085106383,0.09558823529411764,0.07806691449814127,0.103960396039604,0.08214285714285714,0.7038327526132404,0.190145732130465,0.0635593220338983,0.0625,0.06756756756756757,0.04545454545454546,0.5178849144634525,0.1161657189277011,0.0949367088607595,0.145,0.1162790697674419,0.1466666666666667,0.667,0.1868997783797094,0.1142857142857143,0.09310344827586207,0.06896551724137931,0.08139534883720931,0.06578947368421052,0.06122448979591837,0.08823529411764706,0.05357142857142857,0.1144578313253012,0.1339285714285714,0.1420454545454546,0.09375,0.1947674418604651,0.2,0.25,0.2,0.004672897196261682,0.4510385756676558
1,fe89b648-8807-47c0-8c4b-74bdf242ba78,2023-11-21,Iona Gaels,Long Beach State Beach,7186.0,04c5def5-5401-4984-b0ab-1e7f061d2411,255c2a87-40c0-4989-bbb9-d286aac5d28e,11a617d5-af03-4cce-bc8a-51114d9e41fe,0.0,0.0,0.1852203457579694,US/Eastern,US/Eastern,US/Eastern,83.0,78.0,55.0,67.0,27.0,32.0,49.1,47.8,29.0,17.0,14.0,6.0,48.3,35.3,19.0,11.0,15.0,8.0,78.9,72.7,28.0,39.0,19.0,17.0,3.0,4.0,3.0,7.0,9.0,8.0,10.0,18.0,1.0,0.1439114391143911,0.1103723404255319,0.1231617647058824,0.1022304832713755,0.1584158415841584,0.09642857142857143,0.8327526132404182,0.1703678001387925,0.07203389830508475,0.1294642857142857,0.08108108108108109,0.1590909090909091,0.5489891135303265,0.1961819658813972,0.06962025316455696,0.095,0.09302325581395349,0.1,0.727,0.1942871213986703,0.1392857142857143,0.09655172413793103,0.146551724137931,0.1104651162790698,0.05263157894736842,0.03061224489795918,0.2058823529411765,0.05357142857142857,0.04819277108433735,0.08035714285714286,0.1022727272727273,0.0625,0.04941860465116279,0.4,0.5,0.4,0.1331775700934579,0.2136498516320475
2,59f59245-d8aa-4a34-8b1a-0e8c7bf594f9,2023-11-21,Loyola Marymount Lions,Florida International Panthers,2500.0,9dafedba-2a67-4d35-9e66-20676c2d81d6,441a11b4-b506-45b3-8030-fe72a4381c40,a8ac24ca-3b7a-4610-ad99-042661584c48,0.0,0.0,0.1566903167782552,US/Pacific,US/Pacific,US/Pacific,79.0,64.0,61.0,55.0,28.0,23.0,45.9,41.8,20.0,21.0,8.0,3.0,40.0,14.3,22.0,22.0,15.0,15.0,68.2,68.2,36.0,35.0,15.0,11.0,5.0,4.0,3.0,1.0,8.0,13.0,20.0,23.0,1.0,0.1180811808118081,0.3603723404255319,0.1011029411764706,0.3810408921933086,0.1138613861386139,0.3785714285714286,0.7282229965156795,0.5353920888272033,0.08898305084745763,0.2321428571428572,0.04054054054054054,0.2727272727272727,0.2223950233281493,0.5686433793663688,0.1392405063291139,0.29,0.1744186046511628,0.2333333333333333,0.682,0.4417631125338586,0.125,0.4620689655172414,0.09482758620689655,0.3895348837209303,0.05263157894736842,0.3775510204081632,0.02941176470588235,0.4107142857142857,0.0783132530120482,0.3035714285714285,0.1306818181818182,0.3625,0.6686046511627907,1.0,1.0,1.0,0.2476635514018692,0.2225519287833828
3,34559cfc-0113-40d4-9f3d-bbf8dce59b47,2023-11-21,Sacred Heart Pioneers,Binghamton Bearcats,2062.0,4df99c2a-1592-44f0-927f-026bbff30904,3556d445-b3f1-467e-b150-952b32dfb150,fa0f8282-c4f1-490e-962c-f25350cd76f4,0.0,0.0,,US/Eastern,US/Eastern,US/Eastern,88.0,50.0,60.0,53.0,31.0,21.0,51.7,39.6,17.0,19.0,7.0,5.0,41.2,26.3,22.0,8.0,19.0,3.0,86.4,37.5,36.0,31.0,19.0,12.0,17.0,5.0,5.0,4.0,10.0,25.0,14.0,17.0,1.0,0.3763837638376384,0.3164893617021277,0.3511029411764706,0.379182156133829,0.400990099009901,0.3321428571428571,0.735191637630662,0.1594957205644229,0.3516949152542373,0.2544642857142857,0.3378378378378378,0.2613636363636364,0.4608605495075168,0.1640942323314379,0.189873417721519,0.25,0.1976744186046512,0.1933333333333333,0.549,0.1295247475991135,0.3892857142857143,0.4413793103448276,0.4655172413793103,0.3430232558139535,0.2763157894736842,0.4591836734693878,0.3529411764705883,0.2321428571428572,0.283132530120482,0.2857142857142857,0.2443181818181818,0.275,0.875,0.4,0.5,0.4,0.2009345794392523,0.7181008902077152
4,0bde818b-1b2c-4548-9c01-ec637986a0a5,2023-11-21,Appalachian State Mountaineers,UNC Wilmington Seahawks,3300.0,da2fc99b-6dee-47e8-9e17-61a09c08ba07,87d88c93-29bc-4306-b0a6-87c6f6e80da1,c54279f9-3028-4663-893a-7d22482f8098,0.0,0.0,0.5955331268112322,US/Eastern,US/Eastern,US/Eastern,60.0,61.0,46.0,63.0,18.0,24.0,39.1,38.1,22.0,19.0,7.0,5.0,31.8,26.3,23.0,12.0,17.0,8.0,73.9,66.7,42.0,32.0,6.0,8.0,1.0,6.0,3.0,2.0,18.0,7.0,21.0,21.0,1.0,0.1125461254612546,0.4468085106382979,0.1158088235294118,0.4981412639405204,0.1188118811881188,0.4357142857142857,0.6637630662020906,0.7817487855655795,0.08050847457627118,0.5089285714285714,0.06756756756756757,0.4431818181818182,0.4090202177293935,0.6742485783915516,0.0759493670886076,0.335,0.09302325581395349,0.3533333333333333,0.667,1.0,0.1142857142857143,0.6068965517241379,0.06896551724137931,0.2790697674418605,0.07894736842105263,0.2346938775510204,0.05882352941176471,0.2321428571428572,0.04216867469879518,0.7321428571428571,0.1193181818181818,0.48125,0.7209302325581395,0.4,0.5,0.4,0.5093457943925234,0.7418397626112759
5,f4dba8f9-71ae-4165-9196-6cf26233cf44,2023-11-21,Stetson Hatters,Central Michigan Chippewas,9312.0,06ca93a2-f8d1-4e4a-a32a-43bd764c4e57,394d1b2b-7a19-4d43-b04a-5f366c24e5bf,472c22e0-843d-472c-a871-f1593fb0725d,0.0,0.0,0.1183671429999001,US/Eastern,US/Eastern,US/Eastern,67.0,68.0,60.0,51.0,27.0,23.0,45.0,45.1,18.0,27.0,6.0,9.0,33.3,33.3,13.0,16.0,7.0,13.0,53.8,81.3,35.0,29.0,13.0,14.0,2.0,1.0,1.0,2.0,3.0,6.0,13.0,9.0,1.0,0.4317343173431734,0.2513297872340425,0.3180147058823529,0.3048327137546468,0.400990099009901,0.2678571428571428,0.813588850174216,0.1589174184594032,0.4110169491525424,0.25,0.5,0.1590909090909091,0.5873509590461379,0.1022204170051449,0.3037974683544304,0.255,0.4069767441860465,0.1666666666666667,0.7296666666666665,0.1219732414019535,0.375,0.3827586206896552,0.4655172413793103,0.1686046511627907,0.1184210526315789,0.1428571428571428,0.1764705882352941,0.125,0.1325301204819277,0.3125,0.2897727272727273,0.31875,0.7877906976744186,0.4,0.5,0.4,0.2126168224299065,0.3353115727002967
6,b6274934-2b34-474e-83b4-09a6ac830a25,2023-11-21,Eastern Kentucky Colonels,Prairie View A&M Panthers,6500.0,730eda92-17aa-479c-aa90-05864f00d132,e48e3dd5-721c-4d96-8ff4-790fe2597bfd,91ec9ba2-12e5-4a75-9410-a166c82163fd,0.0,0.0,0.4548316178674928,US/Eastern,US/Eastern,US/Eastern,87.0,69.0,69.0,64.0,30.0,26.0,43.5,40.6,26.0,21.0,8.0,8.0,30.8,38.1,26.0,20.0,19.0,9.0,73.1,45.0,51.0,35.0,15.0,16.0,10.0,7.0,4.0,5.0,11.0,13.0,19.0,18.0,1.0,0.1273062730627306,0.5598404255319149,0.1176470588235294,0.5929368029739777,0.1287128712871287,0.5428571428571428,0.7073170731707317,0.8247744621790424,0.08898305084745763,0.5178571428571429,0.1081081081081081,0.4090909090909091,0.5925349922239502,0.6181965881397239,0.1265822784810127,0.57,0.1046511627906977,0.54,0.45,0.8739226791430682,0.125,0.7551724137931034,0.1379310344827586,0.5174418604651163,0.09210526315789473,0.4693877551020408,0.1470588235294118,0.4642857142857143,0.0783132530120482,0.4375,0.1022727272727273,0.34375,0.6715116279069767,0.4,0.5,0.4,0.9018691588785047,0.6350148367952523
7,4f2abcb7-0d01-465a-b526-a46154613b5e,2023-11-21,Radford Highlanders,Morgan State Bears,,189ba801-068e-41f7-a5f5-572308a915b6,f2cf9ba2-ac8c-4d92-8e7a-48dd88e8f40b,576b816b-5b9a-4768-a62b-f8435a8272c2,0.0,0.0,0.2347356850204857,US/Eastern,US/Eastern,US/Eastern,79.0,76.0,48.0,65.0,25.0,30.0,52.1,46.2,22.0,20.0,8.0,8.0,36.4,40.0,25.0,12.0,21.0,8.0,84.0,66.7,32.0,29.0,11.0,12.0,3.0,6.0,1.0,1.0,10.0,6.0,15.0,21.0,1.0,0.3948339483394834,0.1050531914893617,0.3511029411764706,0.08921933085501858,0.405940594059406,0.08928571428571429,0.7479674796747968,0.06025907934304881,0.2966101694915254,0.09821428571428571,0.2432432432432433,0.09090909090909091,0.4147226542249871,0.04928242621175196,0.3291139240506329,0.125,0.3720930232558139,0.14,0.6223333333333333,0.06894853484363457,0.3464285714285714,0.1103448275862069,0.293103448275862,0.06395348837209303,0.2894736842105263,0.03061224489795918,0.2058823529411765,0.01785714285714286,0.2168674698795181,0.08928571428571429,0.3465909090909091,0.09375,0.6162790697674418,0.4,0.5,0.4,0.955607476635514,0.5133531157270029
8,e629af75-1a65-47cf-ba4a-259cb61cd521,2023-11-21,McNeese State Cowboys,Texas State Bobcats,8000.0,1ab1ee39-1e10-410b-b7fd-2f93c1d86216,d2ef641c-70e4-48bb-b40d-ac654d179205,1e5dc9e4-c60d-487b-8279-dfbec9229faa,0.0,0.0,0.06810232837014091,US/Central,US/Central,US/Central,75.0,58.0,53.0,64.0,25.0,24.0,47.2,37.5,19.0,23.0,7.0,7.0,36.8,30.4,24.0,6.0,18.0,3.0,75.0,50.0,40.0,32.0,19.0,8.0,9.0,9.0,3.0,3.0,15.0,16.0,12.0,21.0,1.0,0.2140221402214022,0.4361702127659575,0.2352941176470588,0.4535315985130112,0.2376237623762376,0.4357142857142857,0.6533101045296167,0.3448993754337266,0.1949152542372881,0.3660714285714285,0.1891891891891892,0.3409090909090909,0.4727838258164852,0.2973192526401299,0.0759493670886076,0.35,0.06976744186046512,0.36,0.5,0.3861117951243537,0.2285714285714286,0.5379310344827586,0.1379310344827586,0.3837209302325582,0.2368421052631579,0.2857142857142857,0.1764705882352941,0.25,0.1927710843373494,0.3928571428571428,0.2386363636363636,0.3375,0.3982558139534884,0.2,0.25,0.2,0.8271028037383178,0.2195845697329377
9,15598331-72f1-45ad-a3dd-58c1080f932d,2023-11-21,Oakland Golden Grizzlies,Marshall Thundering Herd,2500.0,9dafedba-2a67-4d35-9e66-20676c2d81d6,aeaaef0d-5238-414e-ac04-c55a22cba208,58d8baa3-7624-4b21-a47f-a23df2bf8859,0.0,0.0,,,,,,,,,,,,,,,,,,,,,,,,,,,,,,,,,,,,,,,,,,,,,,,,,,,,,,,,,,,,,,,,,,,,,,,,,,,
10,e7282c96-086d-4d2b-8e8b-eead231b209b,2023-11-21,Louisiana Ragin' Cajuns,Buffalo Bulls,7186.0,04c5def5-5401-4984-b0ab-1e7f061d2411,63cad858-8654-4956-8438-8fe79cd1208a,a9f5c9a2-342c-4881-9996-5d5c05ec9bd9,0.0,0.0,0.0610072948935745,US/Eastern,US/Eastern,US/Central,77.0,81.0,62.0,59.0,27.0,29.0,43.5,49.2,16.0,21.0,3.0,10.0,18.8,47.6,23.0,18.0,20.0,13.0,87.0,72.2,38.0,32.0,11.0,14.0,7.0,10.0,3.0,4.0,13.0,12.0,19.0,20.0,1.0,0.4261992619926199,0.5412234042553191,0.34375,0.620817843866171,0.4306930693069307,0.5535714285714286,0.8118466898954704,0.2693731205181587,0.2330508474576271,0.4375,0.2972972972972973,0.3977272727272727,0.6127527216174183,0.2366639588410507,0.3291139240506329,0.445,0.4069767441860465,0.4133333333333333,0.672,0.2794057292949191,0.3357142857142857,0.6620689655172414,0.2586206896551724,0.3430232558139535,0.3157894736842105,0.3571428571428572,0.1176470588235294,0.125,0.1807228915662651,0.5625,0.2954545454545455,0.55625,0.4505813953488372,0.4,0.25,0.4,0.3901869158878505,0.8545994065281899
11,4673368e-2e0c-4419-ad64-76569e3299a2,2023-11-21,Syracuse Orange,Gonzaga Bulldogs,10300.0,2e713b00-8015-42c7-813b-643f41b0d384,8cd24de1-2be8-4b77-bcfa-47be0495a5f4,2f4d21f8-6d5f-48a5-abca-52a30583871a,0.0,11.0,,,,,,,,,,,,,,,,,,,,,,,,,,,,,,,,,,,,,,,,,,,,,,,,,,,,,,,,,,,,,,,,,,,,,,,,,,,
12,bc535287-1201-4cc7-ac7f-a82242950f87,2023-11-21,Northern Colorado Bears,Chicago State Cougars,,189ba801-068e-41f7-a5f5-572308a915b6,7e42fa84-68cd-47a6-b49a-18b5414d8084,2f8c85a7-54f4-4942-be16-2cbac77c82d7,,,0.4271010292795043,US/Central,US/Central,US/Mountain,95.0,62.0,70.0,56.0,37.0,21.0,52.9,37.5,31.0,29.0,10.0,10.0,32.3,34.5,16.0,14.0,11.0,10.0,68.8,71.4,40.0,32.0,24.0,16.0,15.0,5.0,4.0,1.0,10.0,24.0,16.0,19.0,1.0,0.2472324723247233,0.6688829787234043,0.2463235294117647,0.6096654275092936,0.202970297029703,0.5964285714285714,0.5150987224157956,0.2936618089289845,0.3008474576271186,0.78125,0.2702702702702703,0.7727272727272727,0.4256091238983929,0.2622529109125372,0.2911392405063291,0.76,0.3720930232558139,0.6733333333333333,0.6966666666666667,0.2721825494541574,0.3357142857142857,0.7379310344827587,0.2241379310344828,0.686046511627907,0.1447368421052632,0.6428571428571429,0.2058823529411765,0.4285714285714285,0.4216867469879518,0.5178571428571429,0.2443181818181818,0.625,0.4244186046511628,0.2,0.75,0.2,0.4836448598130841,0.8635014836795252
13,e3bd0cb1-9dc1-450e-bf7a-82fe86f0a2c2,2023-11-21,Georgia Southern Eagles,Northeastern Huskies,8000.0,30510c1f-8500-48eb-8f90-7cdd70ce55fb,6b955b96-b736-475e-bffd-e4acf2054169,93df9b18-e9fc-42a7-bb45-a736c203b4dc,,,0.05755970820425702,US/Pacific,US/Pacific,US/Eastern,78.0,62.0,55.0,63.0,24.0,25.0,43.6,39.7,22.0,27.0,9.0,6.0,40.9,22.2,28.0,9.0,21.0,6.0,75.0,66.7,44.0,29.0,16.0,8.0,6.0,9.0,2.0,0.0,15.0,15.0,16.0,24.0,1.0,0.2915129151291513,0.3271276595744681,0.3216911764705883,0.3810408921933086,0.2722772277227723,0.2857142857142857,0.5418118466898956,0.1367106176266482,0.2415254237288136,0.3482142857142857,0.1891891891891892,0.3068181818181818,0.3919129082426128,0.1422962361223937,0.2341772151898734,0.38,0.3953488372093023,0.3933333333333333,0.889,0.1915784289583846,0.3607142857142857,0.496551724137931,0.1379310344827586,0.2674418604651163,0.2236842105263158,0.2244897959183673,0.05882352941176471,0.2142857142857143,0.2228915662650602,0.3125,0.3181818181818182,0.3375,0.5523255813953488,1.0,0.5,1.0,0.4205607476635514,0.1513353115727003
14,2706a7a2-d889-4d19-b3e4-4ffc80e8dfc2,2023-11-21,Louisiana Tech Bulldogs,Southern Utah Thunderbirds,8000.0,1ab1ee39-1e10-410b-b7fd-2f93c1d86216,8ff733a9-9f93-46de-ba7e-cf6f7e429670,c7116621-45ed-4ab1-9ad9-dee524120569,,,0.6508943739382432,US/Central,US/Central,US/Central,64.0,55.0,46.0,53.0,23.0,20.0,50.0,37.7,18.0,24.0,7.0,6.0,38.9,25.0,18.0,11.0,11.0,9.0,61.1,81.8,35.0,26.0,16.0,10.0,8.0,9.0,11.0,2.0,20.0,15.0,13.0,20.0,1.0,0.1014760147601476,0.4867021276595745,0.0974264705882353,0.483271375464684,0.09900990099009901,0.4535714285714286,0.6567944250871082,0.8542678695350451,0.1016949152542373,0.3928571428571428,0.08108108108108109,0.3522727272727273,0.3888024883359253,0.7128350934199837,0.06962025316455696,0.53,0.1046511627906977,0.54,0.818,0.9340064023639497,0.09285714285714286,0.6724137931034483,0.08620689655172414,0.4534883720930232,0.1184210526315789,0.3469387755102041,0.05882352941176471,0.4464285714285715,0.09036144578313253,0.75,0.1136363636363636,0.39375,0.1308139534883721,0.2,0.25,0.2,0.5420560747663551,0.9673590504451038
15,3347ebb7-a8c0-4fa5-b3fd-f1dd626fe37c,2023-11-21,North Carolina Central Eagles,The Citadel Bulldogs,3095.0,7b69a82f-38a9-4976-860b-bda2d1861d5f,e4c315a0-e83f-4d14-856e-34a0463059e3,412e7f0d-fb93-4e6e-be1f-9a4c7490d121,,,0.1629859098630958,,,US/Eastern,79.0,63.0,61.0,52.0,32.0,22.0,52.5,42.3,24.0,24.0,11.0,10.0,45.8,41.7,7.0,13.0,4.0,9.0,57.1,69.2,36.0,26.0,19.0,12.0,7.0,6.0,3.0,2.0,11.0,13.0,15.0,12.0,1.0,0.6143911439114391,0.3816489361702128,0.5404411764705882,0.362453531598513,0.594059405940594,0.3714285714285714,0.713240418118467,0.1109646079111728,0.4745762711864407,0.4017857142857143,0.5945945945945946,0.3977272727272727,0.615552099533437,0.09634443541835906,0.4240506329113924,0.275,0.5697674418604651,0.2933333333333333,0.7340000000000001,0.1101699088894361,0.5857142857142857,0.4482758620689655,0.4482758620689655,0.4244186046511628,0.3684210526315789,0.2755102040816326,0.4117647058823529,0.1964285714285714,0.3433734939759036,0.2767857142857143,0.6022727272727273,0.24375,0.01453488372093023,-0.2,0.5,-0.2,0.9042056074766355,0.3293768545994065
16,20007c68-5ca9-424c-8365-467a2bb6697f,2023-11-21,Colorado Buffaloes,Florida State Seminoles,9312.0,06ca93a2-f8d1-4e4a-a32a-43bd764c4e57,9fccbf28-2858-4263-821c-fdefb3c7efa3,d3c8a767-b6fc-45d4-a5f2-18406f2993f1,,,0.6236634355950834,US/Central,US/Eastern,US/Mountain,66.0,78.0,63.0,62.0,16.0,27.0,25.4,43.5,37.0,26.0,10.0,8.0,27.0,30.8,30.0,21.0,24.0,16.0,80.0,76.2,38.0,47.0,13.0,12.0,11.0,12.0,5.0,6.0,15.0,19.0,21.0,21.0,1.0,0.4169741697416974,0.2872340425531915,0.3419117647058824,0.3587360594795539,0.3811881188118812,0.2428571428571429,0.7206736353077817,0.1219060837381448,0.288135593220339,0.5580357142857143,0.2432432432432433,0.4318181818181818,0.4064282011404873,0.1226645004061738,0.4620253164556962,0.24,0.627906976744186,0.28,0.7413333333333332,0.2298284494787819,0.4321428571428572,0.3862068965517241,0.3103448275862069,0.3197674418604651,0.5,0.4591836734693878,0.4117647058823529,0.2321428571428572,0.3433734939759036,0.4017857142857143,0.3579545454545455,0.26875,0.5116279069767442,0.2,0.75,0.4,0.6074766355140186,0.744807121661721
17,b42c3f1e-f5ad-4ac0-92ed-566cddde79c3,2023-11-21,High Point Panthers,Illinois State Redbirds,7186.0,04c5def5-5401-4984-b0ab-1e7f061d2411,a311188e-1259-4fda-b0ea-c47cb52694b1,509aacc4-c121-46a2-800a-d5431ef181d2,,,,,,,,,,,,,,,,,,,,,,,,,,,,,,,,,,,,,,,,,,,,,,,,,,,,,,,,,,,,,,,,,,,,,,,,,,,,,
18,234aa58e-b8f7-4b7f-b398-cf2dca430ae2,2023-11-21,Chaminade Silverswords,UCLA Bruins,10300.0,2e713b00-8015-42c7-813b-643f41b0d384,ef13a371-76ed-409c-9aa6-35135183e170,ec0d6b67-4b16-4b50-92b2-1a651dae6b0f,,,0.451833716398521,US/Eastern,US/Eastern,,98.0,55.0,64.0,54.0,37.0,21.0,57.8,38.9,24.0,21.0,10.0,7.0,41.7,33.3,22.0,8.0,14.0,6.0,63.6,75.0,41.0,24.0,24.0,10.0,12.0,4.0,5.0,2.0,11.0,22.0,5.0,16.0,1.0,0.1014760147601476,0.1303191489361702,0.09926470588235294,0.1189591078066914,0.103960396039604,0.1321428571428571,0.6777003484320557,0.2005551700208189,0.08898305084745763,0.1071428571428571,0.0945945945945946,0.1136363636363636,0.5178849144634525,0.169374492282697,0.05063291139240506,0.11,0.06976744186046512,0.09333333333333334,0.75,0.15661167200197,0.08571428571428572,0.1413793103448276,0.08620689655172414,0.1395348837209302,0.05263157894736842,0.1224489795918367,0.05882352941176471,0.08928571428571429,0.1325301204819277,0.09821428571428571,0.09090909090909091,0.03125,0.6715116279069767,0.4,-0.25,0.4,0.9462616822429907,0.6350148367952523
19,e1da229e-075f-419a-8b9b-d825bae60121,2023-11-21,Drake Bulldogs,Akron Zips,2500.0,9dafedba-2a67-4d35-9e66-20676c2d81d6,aed211c3-23a4-4188-ad70-22c6eba7d765,56fe0ab2-e4f0-47b9-8726-9ce23ebcde20,,,,,,,,,,,,,,,,,,,,,,,,,,,,,,,,,,,,,,,,,,,,,,,,,,,,,,,,,,,,,,,,,,,,,,,,,,,,,
20,5d6ab366-7eeb-4796-96e3-c7e5aed4afd1,2023-11-21,East Carolina Pirates,Kennesaw State Owls,8000.0,30510c1f-8500-48eb-8f90-7cdd70ce55fb,a601205f-3bfe-4052-ac0b-b8f18cf3efd3,2e8442e9-bd09-4d46-9dd3-de79433287f3,,,,,,,,,,,,,,,,,,,,,,,,,,,,,,,,,,,,,,,,,,,,,,,,,,,,,,,,,,,,,,,,,,,,,,,,,,,,,
21,351354f5-96cf-44e2-9c4d-6ddb7684694e,2023-11-21,Southern Illinois Salukis,James Madison Dukes,,189ba801-068e-41f7-a5f5-572308a915b6,7cdfcf92-7fe7-46f1-9b66-6912114182e6,524e3eec-7dde-45c7-b3cc-6308cec73350,,,0.1534425901868692,US/Central,US/Central,US/Central,71.0,53.0,48.0,58.0,25.0,19.0,52.1,32.8,16.0,29.0,6.0,5.0,37.5,17.2,23.0,14.0,15.0,10.0,65.2,71.4,37.0,29.0,13.0,8.0,12.0,10.0,3.0,3.0,18.0,15.0,12.0,19.0,1.0,0.3228782287822878,0.09441489361702128,0.3272058823529412,0.08921933085501858,0.3217821782178218,0.08928571428571429,0.635307781649245,0.06025907934304881,0.3855932203389831,0.07142857142857142,0.3108108108108108,0.06818181818181818,0.3898392949714878,0.05077173030056864,0.1772151898734177,0.115,0.2558139534883721,0.1,0.8093333333333333,0.05351719609291635,0.325,0.1275862068965517,0.293103448275862,0.0755813953488372,0.3947368421052632,0.1224489795918367,0.1470588235294118,0.05357142857142857,0.1987951807228916,0.1607142857142857,0.3011363636363636,0.075,0.4215116279069768,0.2,0.25,0.2,0.4742990654205608,0.599406528189911
22,768f67d1-9ef1-4a37-8ff8-628a5f242a49,2023-11-21,Bellarmine Knights,Midway Eagles,18865.0,cfcc307f-33cd-40b3-86e0-033fb0c1b3c7,427da272-8ce3-45db-ab29-c612dc74c1e0,bdf7405d-66c0-4b2d-9764-d7152c264eaa,,,0.1082242430298791,US/Eastern,US/Eastern,US/Eastern,62.0,55.0,51.0,60.0,15.0,20.0,29.4,33.3,32.0,23.0,8.0,3.0,25.0,13.0,32.0,14.0,24.0,12.0,75.0,85.7,47.0,33.0,11.0,7.0,5.0,5.0,3.0,3.0,13.0,6.0,18.0,23.0,1.0,0.4501845018450185,0.4281914893617021,0.3786764705882353,0.4684014869888476,0.405940594059406,0.3928571428571428,0.7151567944250871,0.1434767522553782,0.3220338983050847,0.5,0.2702702702702703,0.3636363636363636,0.4642301710730949,0.1183996750609261,0.4556962025316456,0.51,0.6976744186046512,0.4666666666666667,0.8375,0.1636296478699828,0.4214285714285714,0.6344827586206897,0.2758620689655172,0.3837209302325582,0.2105263157894737,0.3469387755102041,0.2352941176470588,0.2857142857142857,0.2048192771084337,0.3571428571428572,0.4318181818181818,0.375,0.3052325581395349,0.4,0.5,0.4,0.2429906542056075,0.7388724035608308
23,b202ea5c-f59f-4a8f-a2e7-23c8f7d28187,2023-11-21,Indiana State Sycamores,Rice Owls,6000.0,47eb3957-b994-44d0-838a-86182e057399,2a997096-a381-469d-a7e9-9e031c8b071c,bb384635-c3a0-459a-8f13-fcd7177313e5,,,,,,,,,,,,,,,,,,,,,,,,,,,,,,,,,,,,,,,,,,,,,,,,,,,,,,,,,,,,,,,,,,,,,,,,,,,,,
24,ae3bab48-e020-4a38-930b-2703564d5f45,2023-11-21,UNLV Runnin' Rebels,Richmond Spiders,9312.0,06ca93a2-f8d1-4e4a-a32a-43bd764c4e57,68a3227f-677f-43b0-9a3a-cad79d0df9e2,9b66e1e0-aace-4671-9be2-54c8acf5ecfc,,,,,,,,,,,,,,,,,,,,,,,,,,,,,,,,,,,,,,,,,,,,,,,,,,,,,,,,,,,,,,,,,,,,,,,,,,,,,
25,c23498fb-3c86-46d3-8be8-9587101228e7,2023-11-21,Detroit Mercy Titans,Eastern Michigan Eagles,8295.0,752d75a9-1391-4fad-adac-ea4cf6ce7ae8,1b78e7f6-f25c-4921-98e2-9bc565f8dfb4,2ed86226-3fff-4083-90fa-6b02307e6f73,,,0.2413310682522234,US/Eastern,US/Eastern,US/Eastern,70.0,66.0,60.0,60.0,24.0,24.0,40.0,40.0,24.0,29.0,9.0,11.0,37.5,37.9,19.0,10.0,13.0,7.0,68.4,70.0,39.0,40.0,10.0,11.0,8.0,7.0,5.0,0.0,13.0,17.0,16.0,21.0,1.0,0.1217712177121771,0.3031914893617021,0.1102941176470588,0.379182156133829,0.1188118811881188,0.3285714285714286,0.6968641114982579,0.4663428174878557,0.1228813559322034,0.2589285714285715,0.1486486486486487,0.1931818181818182,0.5894245723172629,0.343216896831844,0.06329113924050633,0.225,0.08139534883720931,0.18,0.7,0.4333907904457031,0.1428571428571428,0.4241379310344828,0.09482758620689655,0.2790697674418605,0.09210526315789473,0.4081632653061225,0.0,0.2678571428571428,0.1024096385542169,0.4553571428571428,0.1193181818181818,0.2875,0.05813953488372093,0.4,0.5,0.4,0.08878504672897196,0.2818991097922849
26,7a33e539-da3f-43b2-9d4e-27dc4b9b6428,2023-11-21,Campbell Fighting Camels,Idaho State Bengals,3095.0,7b69a82f-38a9-4976-860b-bda2d1861d5f,6e5dfe2c-28cc-411f-b846-af8436093ab2,6a67ba19-56a8-4dd8-a5ae-9e9f2523c274,,,0.6483961227141001,US/Eastern,US/Eastern,US/Eastern,73.0,67.0,49.0,53.0,24.0,25.0,49.0,47.2,17.0,19.0,4.0,10.0,23.5,52.6,32.0,18.0,21.0,7.0,65.6,38.9,34.0,31.0,14.0,16.0,12.0,8.0,5.0,1.0,14.0,16.0,19.0,22.0,1.0,0.1236162361623616,0.3603723404255319,0.0974264705882353,0.3327137546468402,0.1237623762376238,0.3714285714285714,0.8222996515679443,0.5968077723802915,0.08050847457627118,0.3258928571428572,0.1351351351351351,0.2954545454545455,0.8180404354587869,0.4147034930950447,0.1139240506329114,0.26,0.08139534883720931,0.2466666666666667,0.389,0.5555281950258557,0.1107142857142857,0.3793103448275862,0.1379310344827586,0.313953488372093,0.1052631578947368,0.3265306122448979,0.02941176470588235,0.3035714285714285,0.0963855421686747,0.375,0.125,0.36875,0.3662790697674418,0.4,0.5,0.4,0.4275700934579439,0.3115727002967359
27,e2f29ca9-6fa7-4344-8658-e9516c6528f3,2023-11-21,Monmouth Hawks,Lehigh Mountain Hawks,4100.0,23e75afd-3b2a-47ae-a65b-b09b2f6804be,3db7336c-c18a-441b-912e-e2a4408f12ea,508f503f-dc57-4f4c-a01e-4f195e5c05c8,,,0.6881183171779754,US/Central,US/Central,US/Eastern,103.0,65.0,62.0,49.0,37.0,21.0,59.7,42.9,33.0,16.0,14.0,6.0,42.4,37.5,20.0,23.0,15.0,17.0,75.0,73.9,35.0,21.0,21.0,11.0,11.0,6.0,4.0,0.0,18.0,24.0,23.0,21.0,1.0,0.466789667896679,0.5970744680851063,0.4503676470588235,0.5910780669144982,0.4306930693069307,0.5607142857142857,0.6289198606271778,0.171616932685635,0.3305084745762712,0.6205357142857143,0.2162162162162162,0.5454545454545454,0.3486780715396579,0.138748984565394,0.6392405063291139,0.69,0.7325581395348837,0.58,0.6014,0.1587786259541984,0.525,0.7827586206896552,0.3017241379310345,0.4825581395348837,0.3421052631578947,0.5408163265306123,0.1764705882352941,0.6785714285714286,0.6746987951807228,0.625,0.6534090909090909,0.48125,0.9912790697674418,0.2,0.5,0.2,0.2289719626168224,0.06528189910979229
28,afc2377f-e712-4592-9e8e-bada8b735444,2023-11-21,New Hampshire Wildcats,Marist Red Foxes,3000.0,d6d410cc-784c-4f6f-8f4f-42277ab64e49,93cb009e-5bbf-4081-b2c9-44028fe28096,15d31915-fbd6-4ae3-8e4b-f3b563c56a18,,,0.02073548516038773,US/Eastern,US/Eastern,US/Eastern,79.0,61.0,54.0,69.0,24.0,22.0,44.4,31.9,26.0,10.0,11.0,3.0,42.3,30.0,27.0,17.0,20.0,14.0,74.1,82.4,46.0,34.0,13.0,7.0,5.0,6.0,6.0,1.0,15.0,7.0,17.0,20.0,1.0,0.1125461254612546,0.3390957446808511,0.1268382352941176,0.3271375464684015,0.1089108910891089,0.3357142857142857,0.5557491289198606,0.5523941707147814,0.0423728813559322,0.2946428571428572,0.04054054054054054,0.3068181818181818,0.4665629860031104,0.4967506092607636,0.1075949367088608,0.275,0.1627906976744186,0.2666666666666667,0.824,0.5341049002708692,0.1214285714285714,0.4,0.0603448275862069,0.1802325581395349,0.07894736842105263,0.173469387755102,0.02941176470588235,0.3571428571428572,0.04216867469879518,0.3125,0.1136363636363636,0.33125,0.3226744186046512,0.4,0.5,0.4,0.5560747663551402,0.4836795252225519
29,a64aea8e-bfe4-4635-850a-1291a5018cf1,2023-11-21,Albany Great Danes,Army Black Knights,4794.0,caf2512f-f422-4de6-9e8f-cd4f33a67564,290a5130-836d-45e6-824f-28704d6ba246,6dfaf0ba-47c4-4e05-b0a7-72734747d48f,,,0.4777155990806435,US/Eastern,US/Eastern,US/Eastern,75.0,62.0,54.0,54.0,23.0,21.0,42.6,38.9,17.0,22.0,9.0,8.0,52.9,36.4,33.0,18.0,20.0,12.0,60.6,66.7,42.0,30.0,14.0,7.0,4.0,4.0,5.0,3.0,13.0,12.0,18.0,27.0,1.0,0.7306273062730627,0.199468085106383,0.5919117647058824,0.2007434944237918,0.6732673267326733,0.1642857142857143,0.735191637630662,0.04927133934767523,0.6610169491525424,0.1517857142857143,0.7567567567567568,0.2045454545454546,0.563504406428201,0.07162198754400216,0.6708860759493671,0.33,0.7906976744186046,0.2666666666666667,0.6386666666666667,0.04974144299433637,0.7571428571428571,0.2896551724137931,0.6896551724137931,0.1627906976744186,0.5263157894736842,0.08163265306122448,0.4117647058823529,0.1785714285714286,0.6144578313253012,0.2321428571428572,0.8068181818181818,0.225,0.8226744186046512,0.4,0.5,0.4,0.1448598130841121,0.6943620178041543
30,0a987ae8-617c-45a8-8762-db4a0b024613,2023-11-21,Duke Blue Devils,La Salle Explorers,9314.0,c134cdf8-d1c8-4972-b4f2-8f167261eb50,faeb1160-5d15-4f26-99fc-c441cf21fc7f,ad9a3e21-4585-4e35-8946-290fe4a16f18,,,0.7908464075147397,US/Eastern,US/Central,US/Eastern,69.0,64.0,67.0,67.0,31.0,24.0,46.3,35.8,19.0,21.0,3.0,3.0,15.8,14.3,7.0,16.0,4.0,13.0,57.1,81.3,35.0,46.0,21.0,8.0,5.0,3.0,13.0,2.0,15.0,18.0,18.0,16.0,1.0,0.1180811808118081,0.5465425531914894,0.1231617647058824,0.6486988847583643,0.1188118811881188,0.6178571428571429,0.6236933797909406,0.8601665510062456,0.08898305084745763,0.4598214285714285,0.04054054054054054,0.3977272727272727,0.2223950233281493,0.6807473598700243,0.1012658227848101,0.285,0.1511627906976744,0.2,0.813,0.6493474513666585,0.1642857142857143,0.7344827586206897,0.06896551724137931,0.6569767441860465,0.03947368421052631,0.3775510204081632,0.05882352941176471,0.625,0.108433734939759,0.4553571428571428,0.09090909090909091,0.475,0.1366279069767442,0.4,0.5,0.2,0.9766355140186916,0.9792284866468842
31,109b21be-7036-4b85-8ed3-c0154d6c9bd2,2023-11-21,Davidson Wildcats,Boston University Terriers,5295.0,32433265-e022-4be1-bcd5-5883fe3155e9,2920c5fa-1e86-4958-a7c4-1e97b8e201d8,de9a0e19-b83c-4b98-a6da-81c110cb364b,,,0.1890676526431498,US/Eastern,US/Eastern,US/Eastern,97.0,102.0,88.0,67.0,39.0,35.0,44.3,52.2,30.0,23.0,8.0,10.0,26.7,43.5,15.0,36.0,11.0,22.0,73.3,61.1,46.0,44.0,19.0,21.0,10.0,4.0,1.0,2.0,12.0,17.0,23.0,15.0,1.0,0.1881918819188192,0.1289893617021277,0.1231617647058824,0.1635687732342007,0.1732673267326733,0.1392857142857143,0.9094076655052264,0.1537126995142262,0.09745762711864407,0.1339285714285714,0.1351351351351351,0.09090909090909091,0.6765163297045101,0.1084484159220146,0.2278481012658228,0.075,0.2558139534883721,0.07333333333333333,0.611,0.1804974144299434,0.1571428571428571,0.1586206896551724,0.1810344827586207,0.1104651162790698,0.05263157894736842,0.1020408163265306,0.05882352941176471,0.01785714285714286,0.1024096385542169,0.1071428571428571,0.08522727272727272,0.14375,0.811046511627907,0.4,0.5,0.4,0.147196261682243,0.6172106824925816
32,1b1922bb-55b3-4840-b0bd-d693a98b35b1,2023-11-21,Columbia Lions,LIU Sharks,2500.0,e30178c1-fbfc-47e0-92f7-37855cb3a81b,ca74bd67-034c-4468-8487-6f983f5eb4f6,b5a804f1-19a4-4183-ab05-43e309e65a5a,,,0.03612471270110922,US/Eastern,US/Eastern,US/Eastern,88.0,85.0,67.0,69.0,32.0,32.0,47.8,46.4,24.0,34.0,7.0,12.0,29.2,35.3,23.0,13.0,17.0,9.0,73.9,69.2,41.0,35.0,20.0,19.0,3.0,7.0,5.0,2.0,13.0,12.0,15.0,17.0,1.0,0.2859778597785978,0.1170212765957447,0.2996323529411765,0.1245353159851301,0.2673267326732673,0.1142857142857143,0.5412311265969801,0.05528568123987971,0.3220338983050847,0.1071428571428571,0.1891891891891892,0.07954545454545454,0.232763089683774,0.03953425399404278,0.3607594936708861,0.115,0.3837209302325582,0.1133333333333333,0.594,0.06065829434457851,0.3964285714285714,0.1413793103448276,0.2155172413793103,0.1162790697674419,0.2236842105263158,0.03061224489795918,0.2352941176470588,0.08928571428571429,0.3734939759036144,0.1160714285714286,0.2556818181818182,0.09375,0.3023255813953488,0.4,0.5,0.4,0.7967289719626168,0.2106824925816024
33,4e603c53-cdf7-4d97-81fe-42602c216d5b,2023-11-21,Maryland Terrapins,UMBC Retrievers,17950.0,0b2f6987-6c44-456a-b8f9-69daf8c72909,2778d005-cc14-4e58-9bf2-3fc37bffb62f,32755362-6336-4dd3-ac34-6f72a6cc150b,,,,,,,,,,,,,,,,,,,,,,,,,,,,,,,,,,,,,,,,,,,,,,,,,,,,,,,,,,,,,,,,,,,,,,,,,,,,,
34,1edf30f1-e4e8-4965-8e68-3942a273a5e1,2023-11-21,Ball State Cardinals,USC Upstate Spartans,11500.0,32d6bdb0-2dda-4915-ba43-442c24616ca5,315c4deb-3c9d-413d-a369-7168f2545d21,2e78bd1b-9422-491e-9c73-37cf83b0e34e,,,0.1803737383831318,US/Eastern,US/Eastern,US/Eastern,83.0,71.0,59.0,60.0,30.0,25.0,50.8,41.7,27.0,18.0,8.0,8.0,29.6,44.4,20.0,19.0,15.0,13.0,75.0,68.4,30.0,38.0,13.0,9.0,12.0,5.0,3.0,3.0,12.0,19.0,16.0,16.0,1.0,0.2619926199261993,0.4335106382978723,0.2205882352941176,0.4312267657992565,0.2475247524752475,0.4357142857142857,0.7264808362369338,0.3650242886884107,0.1525423728813559,0.5,0.2162162162162162,0.5,0.6905132192846034,0.3164094232331438,0.2405063291139241,0.28,0.3023255813953488,0.2533333333333334,0.684,0.3078059591233686,0.2714285714285714,0.4551724137931035,0.1551724137931035,0.3953488372093023,0.131578947368421,0.4081632653061225,0.1764705882352941,0.1785714285714286,0.2289156626506024,0.5,0.1818181818181818,0.3625,0.6424418604651163,0.4,0.5,0.4,0.1799065420560748,0.1661721068249258
35,a9aa0d4c-85b6-465d-bd4c-f630e780ca71,2023-11-21,Wright State Raiders,Hofstra Pride,7186.0,04c5def5-5401-4984-b0ab-1e7f061d2411,9c396fa7-c165-4599-8542-158bd0d9a199,36ca2008-cd2e-4549-8b3b-c745167e07f3,,,0.6355551114220046,US/Eastern,US/Eastern,US/Eastern,72.0,73.0,59.0,65.0,30.0,31.0,50.8,47.7,18.0,16.0,5.0,5.0,27.8,31.3,8.0,11.0,7.0,6.0,87.5,54.5,35.0,32.0,9.0,12.0,8.0,9.0,2.0,1.0,19.0,13.0,9.0,9.0,1.0,0.2693726937269373,0.3670212765957447,0.2389705882352941,0.412639405204461,0.3069306930693069,0.3714285714285714,0.8310104529616724,0.3230395558639834,0.1355932203389831,0.4107142857142857,0.1351351351351351,0.3636363636363636,0.4867807153965785,0.2725426482534524,0.1392405063291139,0.22,0.1395348837209302,0.24,0.545,0.4090125584831322,0.2285714285714286,0.4620689655172414,0.2068965517241379,0.2441860465116279,0.2368421052631579,0.2244897959183673,0.05882352941176471,0.1785714285714286,0.1566265060240964,0.5714285714285714,0.1022727272727273,0.35,0.7209302325581395,0.4,0.5,0.4,0.6004672897196262,0.7418397626112759
36,4ea45104-efc8-465c-8a46-b42fab529371,2023-11-21,Middle Tennessee Blue Raiders,UAB Blazers,11520.0,12d526ed-1fbf-4caf-bdf4-f4fceeb95d31,3d2f0819-8f3b-4ff3-afd6-6227c469a751,63a8fdcf-b51b-4de3-8a57-2a6e41d362ce,,,0.0820425702008594,US/Eastern,US/Eastern,US/Central,76.0,68.0,46.0,64.0,21.0,24.0,45.7,37.5,17.0,27.0,7.0,5.0,41.2,18.5,31.0,29.0,27.0,15.0,87.1,51.7,34.0,41.0,9.0,8.0,9.0,9.0,3.0,9.0,18.0,15.0,22.0,27.0,1.0,0.2509225092250922,0.4095744680851064,0.2352941176470588,0.3866171003717472,0.2376237623762376,0.3428571428571429,0.6533101045296167,0.3202637057598891,0.2288135593220339,0.4553571428571428,0.1351351351351351,0.4090909090909091,0.2877138413685847,0.2989439480097482,0.3670886075949367,0.55,0.3488372093023256,0.5333333333333333,0.517,0.347943856193056,0.2928571428571429,0.5379310344827586,0.1379310344827586,0.313953488372093,0.2368421052631579,0.3673469387755102,0.5294117647058824,0.2142857142857143,0.1807228915662651,0.6071428571428571,0.3068181818181818,0.4625,0.6773255813953488,0.4,0.25,0.4,0.2242990654205607,0.8100890207715133
37,c3a2e3b5-bd60-4533-9725-1a54e125f53e,2023-11-21,Stephen F. Austin Lumberjacks,Utah State Aggies,2500.0,9dafedba-2a67-4d35-9e66-20676c2d81d6,5ef64f01-86ae-4553-9834-c79cc0859eaf,7672ff16-8436-47e6-8546-0fb5494ec7ee,,,,,,,,,,,,,,,,,,,,,,,,,,,,,,,,,,,,,,,,,,,,,,,,,,,,,,,,,,,,,,,,,,,,,,,,,,,,,
38,d229ca5b-bebf-4207-ad85-188bd035e3fa,2023-11-21,Nicholls State Colonels,Blue Mountain Toppers,3800.0,2575a06f-aca7-42b7-8c57-f6b9290f2506,c0d19efd-d40c-4e32-8e90-dbcb28178b5d,c9e06762-c40b-4b2e-90fb-8fff260f9383,,,0.2247426801239133,US/Mountain,US/Mountain,US/Central,79.0,68.0,55.0,66.0,23.0,28.0,41.8,42.4,33.0,25.0,10.0,7.0,30.3,28.0,34.0,5.0,23.0,5.0,67.6,100.0,45.0,31.0,14.0,9.0,5.0,8.0,1.0,2.0,20.0,17.0,14.0,27.0,1.0,0.4022140221402214,0.3763297872340425,0.3860294117647059,0.3736059479553903,0.4257425742574257,0.3464285714285714,0.7142857142857143,0.1656257228776313,0.2584745762711864,0.4776785714285715,0.2837837837837838,0.4318181818181818,0.5484707102125453,0.1433793663688058,0.310126582278481,0.38,0.2906976744186047,0.34,0.6366666666666666,0.1649839940901256,0.2892857142857143,0.4379310344827586,0.2672413793103448,0.3255813953488372,0.5526315789473685,0.2755102040816326,0.1176470588235294,0.1964285714285714,0.2951807228915663,0.3392857142857143,0.4829545454545455,0.3125,0.2034883720930233,0.8,0.25,0.8,0.7429906542056075,0.6646884272997032
39,9d2192bf-420b-4894-bdbb-8982d9a15a5c,2023-11-21,Oral Roberts Golden Eagles,Texas Southern Tigers,11300.0,505ec6d0-d2ec-4e8b-bbc1-fc0eec75117e,095417ae-62b0-4109-afc4-d92918599dd4,eb157f98-0697-459c-9293-ddb162ceb28b,,,0.105376236634356,US/Central,US/Central,US/Central,64.0,82.0,74.0,72.0,26.0,33.0,35.1,45.8,25.0,26.0,4.0,9.0,16.0,34.6,12.0,10.0,8.0,7.0,66.7,70.0,43.0,47.0,13.0,15.0,3.0,4.0,6.0,4.0,7.0,8.0,9.0,14.0,1.0,0.5756457564575646,0.2632978723404255,0.5735294117647058,0.3903345724907063,0.5297029702970297,0.2857142857142857,0.5937282229965157,0.0794587092297016,0.6864406779661016,0.2633928571428572,0.6621621621621622,0.1818181818181818,0.4877138413685848,0.07034930950446791,0.4683544303797468,0.25,0.5697674418604651,0.1466666666666667,0.6623999999999999,0.06909628170401379,0.6464285714285715,0.4931034482758621,0.4741379310344828,0.1918604651162791,0.2105263157894737,0.1530612244897959,0.6470588235294118,0.2142857142857143,0.3253012048192771,0.3839285714285715,0.5795454545454546,0.25625,0.9069767441860465,0.2,0.25,0.2,0.01869158878504673,0.9228486646884273
40,91414033-4260-4bf5-ada9-ab88a2516fb3,2023-11-21,Valparaiso Beacons,Western Illinois Leathernecks,5000.0,295e1a3c-40a5-40d6-a95a-888e896598f5,df3da9d7-2d2b-44e2-99e2-08c4945a203b,cc9e5424-ab3b-41ec-b2aa-7e8a73d759c6,,,0.2017587688617968,US/Eastern,US/Eastern,US/Central,85.0,70.0,70.0,61.0,32.0,30.0,45.7,49.2,20.0,14.0,8.0,6.0,40.0,42.9,16.0,6.0,13.0,4.0,81.3,66.7,38.0,33.0,16.0,16.0,14.0,5.0,4.0,1.0,8.0,17.0,13.0,17.0,1.0,0.1291512915129151,0.113031914893617,0.1121323529411765,0.1301115241635688,0.1485148514851485,0.1142857142857143,0.8571428571428571,0.1585704371963914,0.05932203389830509,0.08928571428571429,0.08108108108108109,0.09090909090909091,0.6671850699844479,0.1624695369618196,0.0379746835443038,0.08,0.04651162790697674,0.08666666666666667,0.667,0.200196995813839,0.1178571428571429,0.1310344827586207,0.1379310344827586,0.09302325581395349,0.06578947368421052,0.1428571428571428,0.02941176470588235,0.07142857142857142,0.1024096385542169,0.07142857142857142,0.09659090909090909,0.08125,0.5988372093023255,0.4,0.25,0.4,0.883177570093458,0.2077151335311573
41,ee8640f6-debd-412e-a80f-e7a221657089,2023-11-21,Auburn Tigers,Alabama A&M Bulldogs,9121.0,0b181487-42ee-4324-9785-bf798c2b4c10,0c0608b3-f349-4f5e-9a10-7e6a744dd0d2,949c3398-85e4-4c63-ba71-9a82e06ddea4,,,,,,,,,,,,,,,,,,,,,,,,,,,,,,,,,,,,,,,,,,,,,,,,,,,,,,,,,,,,,,,,,,,,,,,,,,,,,
42,16af1490-0d64-432f-a706-9bb47e57dad4,2023-11-21,Tennessee Volunteers,Purdue Boilermakers,10300.0,2e713b00-8015-42c7-813b-643f41b0d384,b827dbdf-230f-4916-9703-3bb9004e26eb,12d7f888-675b-459f-9099-a38f771d8a95,,,,,,,,,,,,,,,,,,,,,,,,,,,,,,,,,,,,,,,,,,,,,,,,,,,,,,,,,,,,,,,,,,,,,,,,,,,,,
43,cd93e30b-88d8-4d85-8855-264cf0e50f5d,2023-11-21,South Alabama Jaguars,Lynn Fighting Knights,10041.0,d6e5d172-c88f-411d-b421-4b59b9507e44,10c614fa-9646-46cf-a1fb-5af96772bbb8,9931c307-713c-4669-81f8-e9c285fd67f9,,,0.4729689217547717,US/Mountain,US/Mountain,US/Central,80.0,74.0,66.0,61.0,29.0,31.0,43.9,50.8,19.0,20.0,6.0,7.0,31.6,35.0,23.0,6.0,16.0,5.0,69.6,83.3,34.0,34.0,19.0,16.0,4.0,2.0,1.0,5.0,6.0,15.0,9.0,20.0,1.0,0.1365313653136531,0.3430851063829787,0.1121323529411765,0.345724907063197,0.1534653465346535,0.3107142857142857,0.8850174216027874,0.4875086745315753,0.0847457627118644,0.2544642857142857,0.0945945945945946,0.2272727272727273,0.5443234836702955,0.4272948822095856,0.0379746835443038,0.475,0.05813953488372093,0.4266666666666667,0.833,0.4998768776163506,0.1214285714285714,0.3793103448275862,0.1379310344827586,0.3081395348837209,0.02631578947368421,0.2244897959183673,0.1470588235294118,0.125,0.09036144578313253,0.2678571428571428,0.1136363636363636,0.30625,0.4738372093023256,0.8,0.25,0.8,0.03738317757009346,0.09495548961424333
44,22108d6d-a117-4709-87ac-1d4181d9709e,2023-11-21,TCU Horned Frogs,Alcorn State Braves,6800.0,1819e403-3649-4114-af21-f21d70cceb61,f7fcbb6e-4a55-41ea-ba21-f763ed914467,1bddc811-44cf-4e53-b4ab-11c8dc82c9de,,,,,,,,,,,,,,,,,,,,,,,,,,,,,,,,,,,,,,,,,,,,,,,,,,,,,,,,,,,,,,,,,,,,,,,,,,,,,
45,a5831996-4481-4fe6-9b8c-bd91f619853a,2023-11-21,New Mexico State Aggies,Fresno State Bulldogs,,189ba801-068e-41f7-a5f5-572308a915b6,5016fe1a-9571-4d10-bf5b-b9c1b496bd57,dd8db4d8-d984-4cab-b7f6-22c6b8c2c45f,,,0.5653542520235835,US/Central,US/Central,US/Mountain,67.0,64.0,56.0,56.0,25.0,25.0,44.6,44.6,13.0,16.0,3.0,4.0,23.1,25.0,24.0,15.0,14.0,10.0,58.3,66.7,35.0,35.0,13.0,8.0,5.0,6.0,3.0,5.0,16.0,20.0,13.0,18.0,1.0,0.2361623616236162,0.1781914893617021,0.2058823529411765,0.20817843866171,0.2475247524752475,0.1785714285714286,0.7770034843205574,0.1547536433032616,0.1355932203389831,0.1160714285714286,0.1081081081081081,0.06818181818181818,0.3888024883359253,0.09382615759545085,0.189873417721519,0.24,0.2325581395348837,0.1866666666666667,0.667,0.1435606993351391,0.25,0.2413793103448276,0.1379310344827586,0.1511627906976744,0.1578947368421053,0.1020408163265306,0.2941176470588235,0.1071428571428571,0.2409638554216867,0.2857142857142857,0.2045454545454546,0.1625,0.1744186046511628,0.2,0.75,0.2,0.2897196261682243,0.008902077151335312
46,b3bf9d36-383c-4da9-b8fd-429cfa312347,2023-11-21,Milwaukee Panthers,Siena Saints,9312.0,06ca93a2-f8d1-4e4a-a32a-43bd764c4e57,5d77800f-1ae6-4b66-8e97-b0dbb8bbc717,aba39ad0-6d9f-4946-bf7e-5c63bf966ce6,,,0.743279704207055,US/Eastern,US/Eastern,US/Central,84.0,53.0,72.0,60.0,27.0,23.0,37.5,38.3,34.0,19.0,12.0,3.0,35.3,15.8,22.0,9.0,18.0,4.0,81.8,44.4,52.0,34.0,18.0,10.0,14.0,7.0,11.0,5.0,11.0,21.0,13.0,20.0,1.0,0.09778597785977859,0.1117021276595745,0.1102941176470588,0.1338289962825279,0.1138613861386139,0.09642857142857143,0.6672473867595818,0.130117973629424,0.08050847457627118,0.1517857142857143,0.04054054054054054,0.1363636363636364,0.2457231726283048,0.1433793663688058,0.05696202531645569,0.11,0.04651162790697674,0.12,0.444,0.2014282196503324,0.1214285714285714,0.1793103448275862,0.08620689655172414,0.1046511627906977,0.09210526315789473,0.1428571428571428,0.1470588235294118,0.1964285714285714,0.1265060240963855,0.09821428571428571,0.1136363636363636,0.08125,0.6191860465116279,0.4,0.25,0.4,0.3434579439252337,0.05637982195845697
47,3bae75a3-98a3-4e11-a70a-32397ff8eceb,2023-11-21,UC Irvine Anteaters,Pepperdine Waves,6000.0,47eb3957-b994-44d0-838a-86182e057399,39d00ef7-320d-47cf-a2fa-859bc24d16b4,17479d6f-c8f1-458b-9412-8c76279a2bb4,,,0.3224742680123913,US/Pacific,US/Pacific,US/Pacific,56.0,69.0,52.0,65.0,17.0,25.0,32.7,38.5,21.0,28.0,4.0,12.0,19.0,42.9,28.0,10.0,18.0,7.0,64.3,70.0,43.0,37.0,10.0,14.0,1.0,7.0,9.0,0.0,15.0,10.0,13.0,22.0,1.0,0.1273062730627306,0.2872340425531915,0.1194852941176471,0.3308550185873606,0.1237623762376238,0.2678571428571428,0.6707317073170732,0.4326856349757113,0.1186440677966102,0.3169642857142857,0.1621621621621622,0.1818181818181818,0.6671850699844479,0.2721364744110479,0.06329113924050633,0.42,0.08139534883720931,0.3333333333333333,0.7,0.4395469096281704,0.1321428571428571,0.4517241379310345,0.1206896551724138,0.2325581395348837,0.09210526315789473,0.2755102040816326,0.0,0.3392857142857143,0.06024096385542169,0.3125,0.125,0.23125,0.3401162790697674,1.0,1.0,1.0,0.2149532710280374,0.1068249258160237
48,01b756a3-c1d7-4ba8-9509-0a91aa5dbad3,2023-11-21,Minnesota Golden Gophers,Arkansas-Pine Bluff Golden Lions,14625.0,f72da915-1ddd-41a0-9e19-0b0c7f6f30c5,fa416692-7e09-4f0a-9bcf-0cf7d5149a14,1394dd8a-040e-4509-9ee3-761d60eaf6c9,,,,,,,,,,,,,,,,,,,,,,,,,,,,,,,,,,,,,,,,,,,,,,,,,,,,,,,,,,,,,,,,,,,,,,,,,,,,,
49,9c7e457a-396e-47dc-b190-9f03dcfa165c,2023-11-21,Green Bay Phoenix,UC Riverside Highlanders,8455.0,3213f809-1a69-4d2e-8a39-66a5b4782c0d,61a3e5ab-1be3-4694-b83f-edae0953f409,6b170a32-8445-4cb1-8638-724996c3094b,,,0.7097032077545719,US/Central,US/Central,US/Central,56.0,45.0,53.0,44.0,16.0,15.0,30.2,34.1,19.0,14.0,8.0,2.0,42.1,14.3,19.0,23.0,16.0,13.0,84.2,56.5,45.0,25.0,8.0,6.0,6.0,9.0,2.0,2.0,14.0,9.0,18.0,18.0,1.0,0.492619926199262,0.4601063829787234,0.4705882352941176,0.5223048327137546,0.4801980198019802,0.4142857142857143,0.6581881533101045,0.1433726578764747,0.4152542372881356,0.4955357142857143,0.4054054054054054,0.4772727272727273,0.4506998444790047,0.1498781478472786,0.4113924050632912,0.505,0.5,0.48,0.691,0.1744397931543955,0.4607142857142857,0.6310344827586207,0.3620689655172414,0.313953488372093,0.4078947368421053,0.4489795918367347,0.4117647058823529,0.3214285714285715,0.4036144578313253,0.4642857142857143,0.375,0.55,0.2645348837209303,0.2,0.25,0.2,0.3668224299065421,0.8011869436201781
50,7b010b47-62e6-4f4e-8d27-0c567564157a,2023-11-21,Cal State Northridge Matadors,Le Moyne Dolphins,2400.0,71d77907-2374-4969-9d8c-fc7100d47c28,cb732075-23a5-4e71-9037-50a7a002bdb2,a7086972-971c-4333-9944-5120c6ed6c42,,,0.1300089937044069,US/Pacific,US/Pacific,US/Pacific,62.0,55.0,62.0,55.0,22.0,23.0,35.5,41.8,26.0,17.0,7.0,3.0,26.9,17.6,19.0,8.0,11.0,6.0,57.9,75.0,40.0,39.0,12.0,10.0,4.0,4.0,4.0,5.0,8.0,14.0,14.0,21.0,1.0,0.3339483394833948,0.4095744680851064,0.3474264705882353,0.5018587360594795,0.3415841584158416,0.3642857142857143,0.6411149825783972,0.2258848022206801,0.25,0.5982142857142857,0.1756756756756757,0.4204545454545455,0.3379989631933644,0.1980774438126184,0.3670886075949367,0.475,0.3488372093023256,0.4466666666666667,0.57,0.2885167856849709,0.4535714285714286,0.5793103448275863,0.1896551724137931,0.3604651162790697,0.2105263157894737,0.2448979591836735,0.4411764705882353,0.1785714285714286,0.2409638554216867,0.4821428571428572,0.4147727272727273,0.4875,0.9302325581395349,1.0,1.0,1.0,0.7990654205607477,0.655786350148368
51,1a4c1865-b4dd-4396-a32f-6019a8f6636b,2023-11-21,Kansas Jayhawks,Marquette Golden Eagles,10300.0,2e713b00-8015-42c7-813b-643f41b0d384,fae4855b-1b64-4b40-a632-9ed345e1e952,06f7c904-0ac7-4125-b0f4-f4871bb69057,,,,,,,,,,,,,,,,,,,,,,,,,,,,,,,,,,,,,,,,,,,,,,,,,,,,,,,,,,,,,,,,,,,,,,,,,,,,,
52,501f0808-8220-4da5-9941-66d0bafe0ac5,2023-11-21,New Mexico Lobos,Toledo Rockets,6000.0,47eb3957-b994-44d0-838a-86182e057399,1b1977ec-b32f-4ce3-95a4-d07bab4816cd,34dd83ac-64f2-4b73-8577-899b2a46f5cc,,,0.1829719196562406,US/Central,US/Central,US/Mountain,63.0,84.0,64.0,59.0,23.0,31.0,35.9,52.5,19.0,17.0,6.0,5.0,31.6,29.4,19.0,25.0,11.0,17.0,57.9,68.0,37.0,38.0,9.0,21.0,4.0,9.0,1.0,6.0,15.0,10.0,22.0,16.0,1.0,0.1549815498154982,0.288563829787234,0.1084558823529412,0.3345724907063197,0.1534653465346535,0.2892857142857143,0.9146341463414634,0.4715475364330326,0.07203389830508475,0.2455357142857143,0.06756756756756757,0.1363636363636364,0.4572317262830482,0.2640129975629569,0.1582278481012658,0.325,0.1976744186046512,0.2866666666666667,0.68,0.4853484363457277,0.1357142857142857,0.4172413793103448,0.1810344827586207,0.1802325581395349,0.1184210526315789,0.1020408163265306,0.1764705882352941,0.2678571428571428,0.06024096385542169,0.3482142857142857,0.09090909090909091,0.3375,0.6075581395348837,0.2,0.75,0.2,0.08644859813084112,0.2462908011869436
53,558ceddb-1db3-4b31-b5f2-3e70b571a0ea,2023-11-21,California Golden Bears,UTEP Miners,2000.0,b63e70d1-3eef-4aaf-9404-7221125031f7,aacdc78d-b7fa-48f6-9686-2fdb8a95030e,06d15d35-4955-4fdd-83d9-32d24dbd795b,0.0,0.0,0.1534425901868692,,,US/Pacific,64.0,62.0,56.0,46.0,23.0,20.0,41.1,43.5,22.0,8.0,9.0,1.0,40.9,12.5,10.0,24.0,9.0,21.0,90.0,87.5,34.0,27.0,11.0,9.0,4.0,4.0,2.0,4.0,11.0,10.0,20.0,14.0,1.0,0.1143911439114391,0.4202127659574468,0.08455882352941177,0.5055762081784386,0.09900990099009901,0.4107142857142857,0.7578397212543554,0.7352532963219987,0.03389830508474576,0.4196428571428572,0.01351351351351351,0.2613636363636364,0.1944012441679627,0.4707554833468724,0.1518987341772152,0.42,0.2441860465116279,0.42,0.875,0.9357301157350406,0.09642857142857143,0.5586206896551724,0.07758620689655173,0.4011627906976744,0.05263157894736842,0.2857142857142857,0.1176470588235294,0.1785714285714286,0.06024096385542169,0.3839285714285715,0.07954545454545454,0.5375,0.9680232558139535,-0.2,1.0,-0.2,0.6728971962616822,0.3323442136498516
54,fe89b648-8807-47c0-8c4b-74bdf242ba78,2023-11-21,Long Beach State Beach,Iona Gaels,7186.0,04c5def5-5401-4984-b0ab-1e7f061d2411,11a617d5-af03-4cce-bc8a-51114d9e41fe,255c2a87-40c0-4989-bbb9-d286aac5d28e,0.0,0.0,0.490206855201359,US/Pacific,US/Pacific,US/Pacific,93.0,69.0,75.0,66.0,35.0,24.0,46.7,36.4,25.0,21.0,9.0,6.0,36.0,28.6,17.0,19.0,14.0,15.0,82.4,78.9,47.0,36.0,17.0,13.0,10.0,8.0,4.0,5.0,15.0,17.0,20.0,18.0,1.0,0.4188191881918819,0.3257978723404255,0.3529411764705883,0.3773234200743494,0.4356435643564356,0.3678571428571429,0.8013937282229965,0.1768447837150127,0.173728813559322,0.2008928571428572,0.1891891891891892,0.2386363636363636,0.5629860031104199,0.2112103980503656,0.310126582278481,0.135,0.4302325581395349,0.12,0.7516666666666667,0.1333005006976935,0.4357142857142857,0.3896551724137931,0.4051724137931034,0.2383720930232558,0.3157894736842105,0.3469387755102041,0.3235294117647059,0.2857142857142857,0.2228915662650602,0.2946428571428572,0.3068181818181818,0.3,0.9011627906976745,1.0,1.0,1.0,0.04439252336448598,0.9258160237388724
55,59f59245-d8aa-4a34-8b1a-0e8c7bf594f9,2023-11-21,Florida International Panthers,Loyola Marymount Lions,2500.0,9dafedba-2a67-4d35-9e66-20676c2d81d6,a8ac24ca-3b7a-4610-ad99-042661584c48,441a11b4-b506-45b3-8030-fe72a4381c40,0.0,0.0,0.2515239332467273,US/Eastern,US/Eastern,US/Eastern,107.0,74.0,76.0,58.0,39.0,31.0,51.3,53.4,33.0,18.0,15.0,5.0,45.5,27.8,17.0,15.0,14.0,7.0,82.4,46.7,40.0,28.0,21.0,14.0,17.0,9.0,4.0,4.0,13.0,22.0,16.0,16.0,1.0,0.1365313653136531,0.5997340425531915,0.1066176470588235,0.5650557620817844,0.1534653465346535,0.5964285714285714,0.9303135888501742,0.9448299791811242,0.07627118644067797,0.5491071428571429,0.06756756756756757,0.5113636363636364,0.432348367029549,0.6949634443541836,0.0949367088607595,0.505,0.08139534883720931,0.48,0.467,0.9199704506279242,0.1,0.6344827586206897,0.1206896551724138,0.5174418604651163,0.1184210526315789,0.6224489795918368,0.1176470588235294,0.4642857142857143,0.1325301204819277,0.6160714285714286,0.09090909090909091,0.5875,0.3662790697674418,0.4,0.5,0.4,0.6565420560747663,0.3115727002967359
56,34559cfc-0113-40d4-9f3d-bbf8dce59b47,2023-11-21,Binghamton Bearcats,Sacred Heart Pioneers,2062.0,4df99c2a-1592-44f0-927f-026bbff30904,fa0f8282-c4f1-490e-962c-f25350cd76f4,3556d445-b3f1-467e-b150-952b32dfb150,0.0,0.0,0.5170880383731388,US/Eastern,US/Eastern,US/Eastern,76.0,52.0,64.0,61.0,31.0,21.0,48.4,34.4,20.0,21.0,4.0,4.0,20.0,19.0,16.0,12.0,10.0,6.0,62.5,50.0,42.0,38.0,14.0,6.0,8.0,0.0,4.0,3.0,7.0,15.0,16.0,19.0,1.0,0.3837638376383764,0.4787234042553192,0.3180147058823529,0.5353159851301115,0.3712871287128713,0.4821428571428572,0.759581881533101,0.2718019893592413,0.2245762711864407,0.4375,0.2432432432432433,0.2954545454545455,0.5526179367547952,0.1773625778499864,0.3924050632911392,0.41,0.4651162790697674,0.4266666666666667,0.62,0.3215135845029961,0.4357142857142857,0.6482758620689655,0.1724137931034483,0.3372093023255814,0.05263157894736842,0.4081632653061225,0.2058823529411765,0.5357142857142857,0.2590361445783133,0.4553571428571428,0.3125,0.45,0.0436046511627907,0.4,0.5,0.4,0.9719626168224299,0.1483679525222552
57,0bde818b-1b2c-4548-9c01-ec637986a0a5,2023-11-21,UNC Wilmington Seahawks,Appalachian State Mountaineers,3300.0,da2fc99b-6dee-47e8-9e17-61a09c08ba07,c54279f9-3028-4663-893a-7d22482f8098,87d88c93-29bc-4306-b0a6-87c6f6e80da1,0.0,0.0,0.240781452982912,US/Central,US/Central,US/Eastern,74.0,53.0,49.0,57.0,26.0,20.0,53.1,35.1,23.0,21.0,10.0,2.0,43.5,9.5,16.0,16.0,12.0,11.0,75.0,68.8,37.0,28.0,19.0,4.0,3.0,5.0,5.0,2.0,12.0,7.0,18.0,14.0,1.0,0.3044280442804428,0.4095744680851064,0.3180147058823529,0.4219330855018588,0.2673267326732673,0.3642857142857143,0.5441347270615563,0.2580383992597733,0.2245762711864407,0.3973214285714285,0.1351351351351351,0.2954545454545455,0.3084499740798341,0.1880584890333062,0.4050632911392405,0.56,0.5465116279069767,0.52,0.7293333333333334,0.2879422145612739,0.3642857142857143,0.6310344827586207,0.08620689655172414,0.2965116279069768,0.2236842105263158,0.2142857142857143,0.1176470588235294,0.4464285714285715,0.1746987951807229,0.7142857142857143,0.3522727272727273,0.425,0.1279069767441861,0.2,0.5,0.2,0.7710280373831776,0.7270029673590505
58,f4dba8f9-71ae-4165-9196-6cf26233cf44,2023-11-21,Central Michigan Chippewas,Stetson Hatters,9312.0,06ca93a2-f8d1-4e4a-a32a-43bd764c4e57,472c22e0-843d-472c-a871-f1593fb0725d,394d1b2b-7a19-4d43-b04a-5f366c24e5bf,0.0,0.0,0.1851703807334866,US/Central,US/Central,US/Eastern,97.0,73.0,66.0,58.0,35.0,26.0,53.0,44.8,38.0,23.0,13.0,7.0,34.2,30.4,27.0,21.0,14.0,14.0,51.9,66.7,35.0,35.0,27.0,17.0,13.0,7.0,1.0,0.0,14.0,22.0,19.0,20.0,1.0,0.1346863468634686,0.3390957446808511,0.1066176470588235,0.3420074349442379,0.1287128712871287,0.3178571428571428,0.7804878048780488,0.501734906315059,0.09745762711864407,0.3392857142857143,0.0945945945945946,0.2613636363636364,0.4727838258164852,0.3525588952071487,0.1329113924050633,0.385,0.1627906976744186,0.36,0.667,0.5217926619059345,0.125,0.4034482758620689,0.146551724137931,0.3662790697674418,0.09210526315789473,0.3163265306122449,0.0,0.125,0.1325301204819277,0.4464285714285715,0.1136363636363636,0.36875,0.311046511627907,0.2,0.5,0.2,0.2570093457943925,0.01186943620178042
59,b6274934-2b34-474e-83b4-09a6ac830a25,2023-11-21,Prairie View A&M Panthers,Eastern Kentucky Colonels,6500.0,730eda92-17aa-479c-aa90-05864f00d132,91ec9ba2-12e5-4a75-9410-a166c82163fd,e48e3dd5-721c-4d96-8ff4-790fe2597bfd,0.0,0.0,,,,,,,,,,,,,,,,,,,,,,,,,,,,,,,,,,,,,,,,,,,,,,,,,,,,,,,,,,,,,,,,,,,,,,,,,,,
60,4f2abcb7-0d01-465a-b526-a46154613b5e,2023-11-21,Morgan State Bears,Radford Highlanders,,189ba801-068e-41f7-a5f5-572308a915b6,576b816b-5b9a-4768-a62b-f8435a8272c2,f2cf9ba2-ac8c-4d92-8e7a-48dd88e8f40b,0.0,0.0,0.08788847806535426,US/Eastern,US/Eastern,US/Eastern,65.0,59.0,61.0,64.0,22.0,24.0,36.1,37.5,25.0,15.0,6.0,6.0,24.0,40.0,27.0,7.0,15.0,5.0,55.6,71.4,43.0,43.0,13.0,14.0,8.0,4.0,7.0,10.0,11.0,15.0,11.0,27.0,1.0,0.577490774907749,0.3018617021276596,0.6066176470588235,0.3698884758364313,0.5841584158415841,0.2928571428571429,0.621254355400697,0.08542678695350449,0.3601694915254237,0.3883928571428572,0.3513513513513514,0.3181818181818182,0.4802488335925351,0.07717303005686434,0.4367088607594937,0.255,0.5930232558139535,0.2333333333333333,0.7447999999999999,0.10943117458754,0.6035714285714285,0.3689655172413793,0.5,0.2616279069767442,0.8157894736842105,0.1836734693877551,0.7058823529411765,0.3035714285714285,0.5602409638554217,0.2589285714285715,0.7443181818181818,0.28125,0.8023255813953488,0.4,0.5,0.4,0.3271028037383177,0.3442136498516321
61,e629af75-1a65-47cf-ba4a-259cb61cd521,2023-11-21,Texas State Bobcats,McNeese State Cowboys,8000.0,1ab1ee39-1e10-410b-b7fd-2f93c1d86216,1e5dc9e4-c60d-487b-8279-dfbec9229faa,d2ef641c-70e4-48bb-b40d-ac654d179205,0.0,0.0,0.2303387628659938,US/Eastern,US/Eastern,US/Central,66.0,70.0,44.0,54.0,18.0,28.0,40.9,51.9,5.0,10.0,1.0,2.0,20.0,20.0,35.0,19.0,29.0,12.0,82.9,63.2,34.0,25.0,11.0,11.0,5.0,10.0,3.0,5.0,22.0,16.0,22.0,26.0,1.0,0.4833948339483395,0.3404255319148936,0.3823529411764706,0.3866171003717472,0.504950495049505,0.2857142857142857,0.8527874564459931,0.1346287300485774,0.1864406779661017,0.1964285714285714,0.1351351351351351,0.06818181818181818,0.3499222395023328,0.06458164094232331,0.569620253164557,0.64,0.5581395348837209,0.6,0.547,0.1700320118197489,0.3571428571428572,0.5586206896551724,0.3793103448275862,0.2674418604651163,0.3684210526315789,0.3061224489795918,0.5294117647058824,0.2857142857142857,0.3253012048192771,0.7321428571428571,0.5227272727272727,0.5375,0.2558139534883721,0.4,0.25,0.4,0.09813084112149532,0.5074183976261127
62,15598331-72f1-45ad-a3dd-58c1080f932d,2023-11-21,Marshall Thundering Herd,Oakland Golden Grizzlies,2500.0,9dafedba-2a67-4d35-9e66-20676c2d81d6,58d8baa3-7624-4b21-a47f-a23df2bf8859,aeaaef0d-5238-414e-ac04-c55a22cba208,0.0,0.0,0.0803437593684421,US/Eastern,US/Eastern,US/Eastern,83.0,82.0,68.0,78.0,32.0,34.0,47.1,43.6,26.0,31.0,11.0,11.0,42.3,35.5,12.0,4.0,8.0,3.0,66.7,75.0,47.0,36.0,17.0,21.0,7.0,14.0,1.0,6.0,17.0,8.0,10.0,13.0,1.0,0.1512915129151292,0.1103723404255319,0.1433823529411765,0.1263940520446097,0.1683168316831683,0.1142857142857143,0.759581881533101,0.1634281748785566,0.1313559322033898,0.1160714285714286,0.1486486486486487,0.125,0.552099533437014,0.1718115353371243,0.02531645569620253,0.06,0.03488372093023256,0.05333333333333334,0.75,0.1642452597882295,0.1285714285714286,0.1620689655172414,0.1810344827586207,0.09883720930232558,0.1842105263157895,0.07142857142857142,0.1764705882352941,0.01785714285714286,0.04819277108433735,0.1517857142857143,0.07386363636363637,0.0625,0.9767441860465116,0.4,0.5,0.4,0.3364485981308411,0.6468842729970327
63,e7282c96-086d-4d2b-8e8b-eead231b209b,2023-11-21,Buffalo Bulls,Louisiana Ragin' Cajuns,7186.0,04c5def5-5401-4984-b0ab-1e7f061d2411,a9f5c9a2-342c-4881-9996-5d5c05ec9bd9,63cad858-8654-4956-8438-8fe79cd1208a,0.0,0.0,0.5052463275707005,US/Eastern,US/Eastern,US/Eastern,84.0,64.0,63.0,58.0,28.0,25.0,44.4,43.1,23.0,17.0,6.0,5.0,26.1,29.4,28.0,13.0,22.0,9.0,78.6,69.2,42.0,29.0,17.0,9.0,11.0,8.0,6.0,2.0,15.0,18.0,13.0,23.0,1.0,0.1180811808118081,0.5664893617021277,0.1066176470588235,0.5557620817843866,0.1237623762376238,0.5285714285714286,0.7508710801393729,0.864677307425399,0.07203389830508475,0.5044642857142857,0.06756756756756757,0.4090909090909091,0.4572317262830482,0.6616571892770106,0.08227848101265822,0.71,0.1046511627906977,0.6266666666666667,0.692,0.8081753262743167,0.1035714285714286,0.7310344827586207,0.07758620689655173,0.4825581395348837,0.1052631578947368,0.4183673469387755,0.05882352941176471,0.5,0.108433734939759,0.6517857142857143,0.1306818181818182,0.55625,0.3343023255813953,0.4,0.5,0.4,0.6682242990654206,0.9406528189910979
64,4673368e-2e0c-4419-ad64-76569e3299a2,2023-11-21,Gonzaga Bulldogs,Syracuse Orange,10300.0,2e713b00-8015-42c7-813b-643f41b0d384,2f4d21f8-6d5f-48a5-abca-52a30583871a,8cd24de1-2be8-4b77-bcfa-47be0495a5f4,11.0,0.0,,,,,,,,,,,,,,,,,,,,,,,,,,,,,,,,,,,,,,,,,,,,,,,,,,,,,,,,,,,,,,,,,,,,,,,,,,,
65,bc535287-1201-4cc7-ac7f-a82242950f87,2023-11-21,Chicago State Cougars,Northern Colorado Bears,,189ba801-068e-41f7-a5f5-572308a915b6,2f8c85a7-54f4-4942-be16-2cbac77c82d7,7e42fa84-68cd-47a6-b49a-18b5414d8084,,,0.06885180373738384,US/Central,US/Central,US/Central,83.0,61.0,49.0,61.0,31.0,23.0,63.3,37.7,14.0,21.0,6.0,4.0,42.9,19.0,24.0,16.0,15.0,11.0,62.5,68.8,37.0,30.0,14.0,6.0,6.0,3.0,0.0,3.0,13.0,10.0,17.0,21.0,1.0,0.3118081180811808,0.1103723404255319,0.34375,0.09107806691449814,0.2722772277227723,0.1107142857142857,0.5139372822299652,0.07321304649548924,0.3771186440677966,0.0625,0.2972972972972973,0.06818181818181818,0.3732503888024883,0.05808285946385053,0.3291139240506329,0.12,0.4302325581395349,0.1,0.7106666666666666,0.0513009931872281,0.3642857142857143,0.1275862068965517,0.2068965517241379,0.08139534883720931,0.1973684210526316,0.06122448979591837,0.3823529411764706,0.0,0.2048192771084337,0.1160714285714286,0.4375,0.10625,0.2238372093023256,0.2,0.25,0.2,0.1775700934579439,0.6706231454005934
66,e3bd0cb1-9dc1-450e-bf7a-82fe86f0a2c2,2023-11-21,Northeastern Huskies,Georgia Southern Eagles,8000.0,30510c1f-8500-48eb-8f90-7cdd70ce55fb,93df9b18-e9fc-42a7-bb45-a736c203b4dc,6b955b96-b736-475e-bffd-e4acf2054169,,,0.6001299090636555,US/Eastern,US/Eastern,US/Eastern,89.0,65.0,58.0,59.0,34.0,23.0,58.6,39.0,13.0,24.0,7.0,9.0,53.8,37.5,19.0,14.0,14.0,10.0,73.7,71.4,34.0,26.0,18.0,13.0,11.0,2.0,6.0,7.0,9.0,14.0,12.0,17.0,1.0,0.4723247232472325,0.4122340425531915,0.3970588235294117,0.4014869888475837,0.405940594059406,0.3714285714285714,0.6594076655052264,0.1641221374045801,0.3983050847457627,0.2857142857142857,0.4324324324324325,0.25,0.5279937791601867,0.1521121039805037,0.5063291139240507,0.62,0.6976744186046512,0.5333333333333333,0.7415,0.1652302388574242,0.45,0.503448275862069,0.3793103448275862,0.3255813953488372,0.2631578947368421,0.4285714285714285,0.7058823529411765,0.5,0.3734939759036144,0.3214285714285715,0.4090909090909091,0.3375,0.5872093023255814,0.4,0.5,0.4,0.5584112149532711,0.4985163204747775
67,2706a7a2-d889-4d19-b3e4-4ffc80e8dfc2,2023-11-21,Southern Utah Thunderbirds,Louisiana Tech Bulldogs,8000.0,1ab1ee39-1e10-410b-b7fd-2f93c1d86216,c7116621-45ed-4ab1-9ad9-dee524120569,8ff733a9-9f93-46de-ba7e-cf6f7e429670,,,0.408763865294294,US/Mountain,US/Mountain,US/Mountain,89.0,81.0,60.0,66.0,29.0,31.0,48.3,47.0,19.0,32.0,7.0,11.0,36.8,34.4,36.0,13.0,24.0,8.0,66.7,61.5,38.0,40.0,17.0,14.0,9.0,4.0,3.0,2.0,12.0,20.0,20.0,30.0,1.0,0.1494464944649447,0.1183510638297872,0.1213235294117647,0.1115241635687732,0.1534653465346535,0.1035714285714286,0.818815331010453,0.1675919500346981,0.1355932203389831,0.08482142857142858,0.1486486486486487,0.07954545454545454,0.5349922239502333,0.1494719740048741,0.08227848101265822,0.18,0.09302325581395349,0.16,0.615,0.1642452597882295,0.1428571428571428,0.1310344827586207,0.1206896551724138,0.09883720930232558,0.05263157894736842,0.09183673469387756,0.05882352941176471,0.05357142857142857,0.1204819277108434,0.1071428571428571,0.1704545454545454,0.125,0.4738372093023256,0.8,0.75,0.8,0.7757009345794392,0.09495548961424333
68,3347ebb7-a8c0-4fa5-b3fd-f1dd626fe37c,2023-11-21,The Citadel Bulldogs,North Carolina Central Eagles,3095.0,7b69a82f-38a9-4976-860b-bda2d1861d5f,412e7f0d-fb93-4e6e-be1f-9a4c7490d121,e4c315a0-e83f-4d14-856e-34a0463059e3,,,0.238233236734286,US/Eastern,US/Eastern,US/Eastern,80.0,69.0,65.0,56.0,30.0,24.0,46.2,42.9,22.0,25.0,7.0,11.0,31.8,44.0,18.0,12.0,13.0,10.0,72.2,83.3,42.0,30.0,19.0,11.0,8.0,1.0,1.0,3.0,8.0,13.0,15.0,18.0,1.0,0.1273062730627306,0.1063829787234043,0.1029411764705882,0.120817843866171,0.1188118811881188,0.1071428571428571,0.7473867595818815,0.1603053435114504,0.1059322033898305,0.09821428571428571,0.1486486486486487,0.07954545454545454,0.6842923794712286,0.1291632818846466,0.0759493670886076,0.09,0.1162790697674419,0.08666666666666667,0.833,0.1777887219896577,0.1071428571428571,0.1448275862068966,0.09482758620689655,0.1104651162790698,0.0131578947368421,0.08163265306122448,0.08823529411764706,0.01785714285714286,0.0783132530120482,0.07142857142857142,0.1022727272727273,0.09375,0.8837209302325582,0.4,0.5,0.4,0.2383177570093458,0.8694362017804155
69,20007c68-5ca9-424c-8365-467a2bb6697f,2023-11-21,Florida State Seminoles,Colorado Buffaloes,9312.0,06ca93a2-f8d1-4e4a-a32a-43bd764c4e57,d3c8a767-b6fc-45d4-a5f2-18406f2993f1,9fccbf28-2858-4263-821c-fdefb3c7efa3,,,0.32402318377136,US/Eastern,US/Eastern,US/Eastern,68.0,54.0,63.0,56.0,25.0,22.0,39.7,39.3,15.0,19.0,7.0,6.0,46.7,31.6,16.0,7.0,11.0,4.0,68.8,57.1,52.0,22.0,11.0,12.0,4.0,10.0,2.0,3.0,20.0,13.0,15.0,19.0,1.0,0.0996309963099631,0.3430851063829787,0.1029411764705882,0.4182156133828996,0.1089108910891089,0.3535714285714286,0.6846689895470384,0.4548924358084664,0.08050847457627118,0.3616071428571428,0.08108108108108109,0.3068181818181818,0.4914463452566096,0.4358245329000813,0.04430379746835443,0.23,0.04651162790697674,0.22,0.571,0.5304112287613888,0.07857142857142857,0.4482758620689655,0.103448275862069,0.2034883720930233,0.131578947368421,0.2244897959183673,0.08823529411764706,0.2142857142857143,0.0783132530120482,0.4285714285714285,0.1079545454545455,0.38125,0.7965116279069767,0.4,0.5,0.4,0.8341121495327103,0.005934718100890208
70,b42c3f1e-f5ad-4ac0-92ed-566cddde79c3,2023-11-21,Illinois State Redbirds,High Point Panthers,7186.0,04c5def5-5401-4984-b0ab-1e7f061d2411,509aacc4-c121-46a2-800a-d5431ef181d2,a311188e-1259-4fda-b0ea-c47cb52694b1,,,0.06470470670530629,US/Central,US/Central,US/Central,67.0,69.0,59.0,37.0,25.0,20.0,42.4,54.1,19.0,14.0,8.0,5.0,42.1,35.7,17.0,31.0,9.0,24.0,52.9,77.4,32.0,28.0,7.0,11.0,6.0,6.0,0.0,4.0,13.0,17.0,28.0,24.0,1.0,0.4538745387453875,0.3882978723404255,0.3088235294117647,0.4535315985130112,0.3663366336633663,0.3785714285714286,0.7865853658536587,0.1505898681471201,0.3050847457627119,0.3660714285714285,0.3783783783783784,0.4090909090909091,0.5956454121306376,0.1779041429731925,0.5569620253164557,0.3,0.813953488372093,0.2933333333333333,0.81,0.1882541245998522,0.4571428571428571,0.3931034482758621,0.396551724137931,0.2441860465116279,0.3157894736842105,0.4285714285714285,0.4117647058823529,0.1428571428571428,0.3975903614457831,0.4642857142857143,0.4431818181818182,0.4875,0.1337209302325581,0.2,0.25,0.2,0.294392523364486,0.4658753709198813
71,234aa58e-b8f7-4b7f-b398-cf2dca430ae2,2023-11-21,UCLA Bruins,Chaminade Silverswords,10300.0,2e713b00-8015-42c7-813b-643f41b0d384,ec0d6b67-4b16-4b50-92b2-1a651dae6b0f,ef13a371-76ed-409c-9aa6-35135183e170,,,,,,,,,,,,,,,,,,,,,,,,,,,,,,,,,,,,,,,,,,,,,,,,,,,,,,,,,,,,,,,,,,,,,,,,,,,,,
72,e1da229e-075f-419a-8b9b-d825bae60121,2023-11-21,Akron Zips,Drake Bulldogs,2500.0,9dafedba-2a67-4d35-9e66-20676c2d81d6,56fe0ab2-e4f0-47b9-8726-9ce23ebcde20,aed211c3-23a4-4188-ad70-22c6eba7d765,,,0.2604676726291596,US/Eastern,US/Central,US/Eastern,73.0,54.0,55.0,49.0,29.0,16.0,52.7,32.7,14.0,27.0,7.0,6.0,50.0,22.2,13.0,24.0,8.0,16.0,61.5,66.7,43.0,25.0,17.0,13.0,9.0,8.0,0.0,1.0,14.0,9.0,21.0,15.0,1.0,0.1992619926199262,0.3617021276595745,0.1801470588235294,0.4237918215613383,0.1584158415841584,0.3857142857142857,0.5696864111498259,0.3299791811242193,0.2288135593220339,0.3482142857142857,0.1621621621621622,0.2954545454545455,0.3452566096423017,0.3005686433793664,0.3037974683544304,0.26,0.3720930232558139,0.2,0.667,0.2839202166953952,0.1785714285714286,0.5862068965517241,0.2241379310344828,0.3837209302325582,0.2105263157894737,0.4489795918367347,0.05882352941176471,0.25,0.108433734939759,0.5357142857142857,0.1704545454545454,0.35,0.7122093023255814,0.4,0.5,0.2,0.3247663551401869,0.6379821958456974
73,5d6ab366-7eeb-4796-96e3-c7e5aed4afd1,2023-11-21,Kennesaw State Owls,East Carolina Pirates,8000.0,30510c1f-8500-48eb-8f90-7cdd70ce55fb,2e8442e9-bd09-4d46-9dd3-de79433287f3,a601205f-3bfe-4052-ac0b-b8f18cf3efd3,,,0.4532827021085241,US/Eastern,US/Eastern,US/Eastern,88.0,78.0,55.0,70.0,30.0,30.0,54.5,42.9,11.0,17.0,4.0,6.0,36.4,35.3,33.0,18.0,24.0,12.0,72.7,66.7,37.0,35.0,13.0,11.0,4.0,8.0,10.0,2.0,11.0,7.0,17.0,20.0,1.0,0.1439114391143911,0.3324468085106383,0.1286764705882353,0.328996282527881,0.1485148514851485,0.3142857142857143,0.7473867595818815,0.518736988202637,0.07203389830508475,0.2723214285714285,0.08108108108108109,0.2727272727272727,0.5489891135303265,0.4727863525588952,0.1139240506329114,0.345,0.1395348837209302,0.3333333333333333,0.667,0.5345973898054667,0.125,0.4310344827586207,0.09482758620689655,0.2151162790697674,0.1052631578947368,0.2040816326530612,0.05882352941176471,0.3214285714285715,0.04216867469879518,0.2767857142857143,0.1136363636363636,0.25625,0.1656976744186046,0.4,0.5,0.4,0.1705607476635514,0.5727002967359051
74,351354f5-96cf-44e2-9c4d-6ddb7684694e,2023-11-21,James Madison Dukes,Southern Illinois Salukis,,189ba801-068e-41f7-a5f5-572308a915b6,524e3eec-7dde-45c7-b3cc-6308cec73350,7cdfcf92-7fe7-46f1-9b66-6912114182e6,,,0.04441890676526432,US/Eastern,US/Eastern,US/Eastern,69.0,95.0,61.0,64.0,30.0,38.0,49.2,59.4,19.0,25.0,5.0,14.0,26.3,56.0,5.0,9.0,4.0,5.0,80.0,55.6,22.0,36.0,14.0,13.0,10.0,13.0,1.0,1.0,20.0,18.0,13.0,11.0,1.0,0.533210332103321,0.6103723404255319,0.3235294117647059,0.570631970260223,0.4752475247524752,0.5785714285714286,0.9465737514518003,0.3055748322923895,0.2584745762711864,0.53125,0.3783783783783784,0.4886363636363636,0.6936236391912908,0.2292174383969673,0.5759493670886076,0.615,0.8023255813953488,0.6133333333333333,0.7053333333333333,0.3086267750143643,0.4071428571428571,0.5862068965517241,0.3706896551724138,0.5813953488372093,0.5394736842105263,0.4693877551020408,0.1470588235294118,0.4821428571428572,0.4216867469879518,0.7321428571428571,0.3238636363636364,0.55625,0.3633720930232558,0.4,0.5,0.4,0.2990654205607476,0.1335311572700297
75,768f67d1-9ef1-4a37-8ff8-628a5f242a49,2023-11-21,Midway Eagles,Bellarmine Knights,18865.0,cfcc307f-33cd-40b3-86e0-033fb0c1b3c7,bdf7405d-66c0-4b2d-9764-d7152c264eaa,427da272-8ce3-45db-ab29-c612dc74c1e0,,,,,,,,,,,,,,,,,,,,,,,,,,,,,,,,,,,,,,,,,,,,,,,,,,,,,,,,,,,,,,,,,,,,,,,,,,,,,
76,b202ea5c-f59f-4a8f-a2e7-23c8f7d28187,2023-11-21,Rice Owls,Indiana State Sycamores,6000.0,47eb3957-b994-44d0-838a-86182e057399,bb384635-c3a0-459a-8f13-fcd7177313e5,2a997096-a381-469d-a7e9-9e031c8b071c,,,0.1400019986009793,US/Central,US/Central,US/Central,81.0,46.0,56.0,43.0,29.0,17.0,51.8,39.5,26.0,14.0,13.0,2.0,50.0,14.3,18.0,16.0,10.0,10.0,55.6,62.5,35.0,25.0,20.0,9.0,10.0,3.0,2.0,1.0,10.0,18.0,20.0,18.0,1.0,0.3321033210332103,0.3178191489361702,0.3106617647058824,0.3345724907063197,0.3217821782178218,0.3321428571428571,0.6718931475029036,0.1792736525560953,0.3305084745762712,0.2767857142857143,0.2972972972972973,0.2613636363636364,0.3986521513737687,0.1429731925264013,0.379746835443038,0.24,0.3255813953488372,0.2,0.481,0.1551342033981778,0.3107142857142857,0.4379310344827586,0.3706896551724138,0.2674418604651163,0.2236842105263158,0.2448979591836735,0.1470588235294118,0.1428571428571428,0.2771084337349398,0.3928571428571428,0.2386363636363636,0.3,0.0755813953488372,0.2,0.25,0.2,0.7242990654205608,0.2373887240356083
77,ae3bab48-e020-4a38-930b-2703564d5f45,2023-11-21,Richmond Spiders,UNLV Runnin' Rebels,9312.0,06ca93a2-f8d1-4e4a-a32a-43bd764c4e57,9b66e1e0-aace-4671-9be2-54c8acf5ecfc,68a3227f-677f-43b0-9a3a-cad79d0df9e2,,,0.2255920855401219,US/Eastern,US/Eastern,US/Eastern,92.0,90.0,72.0,63.0,32.0,28.0,44.4,44.4,35.0,26.0,10.0,11.0,28.6,42.3,24.0,27.0,18.0,23.0,75.0,85.2,41.0,38.0,17.0,13.0,11.0,7.0,7.0,3.0,13.0,15.0,23.0,19.0,1.0,0.1660516605166052,0.3484042553191489,0.1158088235294118,0.3643122676579926,0.1386138613861386,0.3142857142857143,0.7735191637630662,0.4677307425399029,0.1101694915254237,0.4151785714285715,0.1486486486486487,0.3181818181818182,0.6578538102643857,0.3679935012185215,0.1708860759493671,0.39,0.2674418604651163,0.3866666666666667,0.852,0.549618320610687,0.1357142857142857,0.3827586206896552,0.1120689655172414,0.2151162790697674,0.09210526315789473,0.3163265306122449,0.08823529411764706,0.2321428571428572,0.09036144578313253,0.3839285714285715,0.1079545454545455,0.41875,0.2122093023255814,0.4,0.5,0.4,0.5981308411214953,0.5222551928783383
78,c23498fb-3c86-46d3-8be8-9587101228e7,2023-11-21,Eastern Michigan Eagles,Detroit Mercy Titans,8295.0,752d75a9-1391-4fad-adac-ea4cf6ce7ae8,2ed86226-3fff-4083-90fa-6b02307e6f73,1b78e7f6-f25c-4921-98e2-9bc565f8dfb4,,,0.2053562506245628,US/Central,US/Central,US/Eastern,89.0,61.0,58.0,58.0,31.0,25.0,53.4,43.1,21.0,16.0,7.0,4.0,33.3,25.0,29.0,9.0,20.0,7.0,69.0,77.8,35.0,31.0,12.0,10.0,10.0,5.0,4.0,0.0,9.0,16.0,12.0,24.0,1.0,0.4188191881918819,0.3656914893617021,0.3419117647058824,0.3197026022304832,0.4108910891089109,0.3392857142857143,0.7764227642276422,0.1915336571825121,0.1949152542372881,0.2544642857142857,0.1891891891891892,0.2840909090909091,0.4748574390876101,0.1804765773084214,0.3987341772151899,0.415,0.5465116279069767,0.4,0.7533333333333333,0.1782812115242551,0.3678571428571429,0.3482758620689655,0.2413793103448276,0.2441860465116279,0.25,0.3061224489795918,0.1176470588235294,0.2142857142857143,0.2289156626506024,0.2053571428571428,0.4545454545454545,0.2375,0.1569767441860465,0.2,0.5,0.2,0.1728971962616822,0.7299703264094956
79,7a33e539-da3f-43b2-9d4e-27dc4b9b6428,2023-11-21,Idaho State Bengals,Campbell Fighting Camels,3095.0,7b69a82f-38a9-4976-860b-bda2d1861d5f,6a67ba19-56a8-4dd8-a5ae-9e9f2523c274,6e5dfe2c-28cc-411f-b846-af8436093ab2,,,,US/Mountain,US/Mountain,US/Mountain,70.0,58.0,53.0,63.0,24.0,22.0,45.3,34.9,14.0,31.0,5.0,8.0,35.7,25.8,22.0,9.0,17.0,6.0,77.3,66.7,44.0,29.0,13.0,12.0,2.0,4.0,6.0,2.0,13.0,9.0,15.0,17.0,1.0,0.3136531365313653,0.5212765957446809,0.2996323529411765,0.5594795539033457,0.297029702970297,0.4785714285714286,0.6440185830429733,0.2601202868378441,0.3432203389830508,0.4375,0.3243243243243243,0.4204545454545455,0.4655261793675479,0.2562956945572705,0.2341772151898734,0.58,0.3023255813953488,0.58,0.6983333333333333,0.3039481244356891,0.3178571428571428,0.7862068965517242,0.2241379310344828,0.4244186046511628,0.4473684210526316,0.2857142857142857,0.1764705882352941,0.5714285714285714,0.3192771084337349,0.4196428571428572,0.3238636363636364,0.40625,0.7441860465116279,0.8,0.75,0.8,0.4088785046728972,0.02967359050445104
80,e2f29ca9-6fa7-4344-8658-e9516c6528f3,2023-11-21,Lehigh Mountain Hawks,Monmouth Hawks,4100.0,23e75afd-3b2a-47ae-a65b-b09b2f6804be,508f503f-dc57-4f4c-a01e-4f195e5c05c8,3db7336c-c18a-441b-912e-e2a4408f12ea,,,0.3767862496252623,US/Eastern,US/Eastern,US/Eastern,78.0,52.0,58.0,63.0,31.0,23.0,53.4,36.5,18.0,21.0,5.0,5.0,27.8,23.8,16.0,2.0,11.0,1.0,68.8,50.0,36.0,31.0,15.0,12.0,3.0,4.0,4.0,1.0,5.0,11.0,7.0,17.0,1.0,0.3616236162361623,0.3563829787234042,0.3474264705882353,0.3308550185873606,0.3811881188118812,0.3464285714285714,0.7102206736353077,0.1889891279204256,0.2669491525423729,0.3303571428571428,0.2837837837837838,0.375,0.5184033177812337,0.1730300568643379,0.1772151898734177,0.28,0.2441860465116279,0.2733333333333333,0.6793333333333333,0.1795945169498482,0.2964285714285714,0.4137931034482759,0.3793103448275862,0.2965116279069768,0.2368421052631579,0.1326530612244898,0.1470588235294118,0.2142857142857143,0.2108433734939759,0.2232142857142857,0.3125,0.16875,0.2296511627906977,0.4,0.5,0.4,0.2920560747663551,0.198813056379822
81,afc2377f-e712-4592-9e8e-bada8b735444,2023-11-21,Marist Red Foxes,New Hampshire Wildcats,3000.0,d6d410cc-784c-4f6f-8f4f-42277ab64e49,15d31915-fbd6-4ae3-8e4b-f3b563c56a18,93cb009e-5bbf-4081-b2c9-44028fe28096,,,,,,,,,,,,,,,,,,,,,,,,,,,,,,,,,,,,,,,,,,,,,,,,,,,,,,,,,,,,,,,,,,,,,,,,,,,,,
82,a64aea8e-bfe4-4635-850a-1291a5018cf1,2023-11-21,Army Black Knights,Albany Great Danes,4794.0,caf2512f-f422-4de6-9e8f-cd4f33a67564,6dfaf0ba-47c4-4e05-b0a7-72734747d48f,290a5130-836d-45e6-824f-28704d6ba246,,,,,,,,,,,,,,,,,,,,,,,,,,,,,,,,,,,,,,,,,,,,,,,,,,,,,,,,,,,,,,,,,,,,,,,,,,,,,
83,0a987ae8-617c-45a8-8762-db4a0b024613,2023-11-21,La Salle Explorers,Duke Blue Devils,9314.0,c134cdf8-d1c8-4972-b4f2-8f167261eb50,ad9a3e21-4585-4e35-8946-290fe4a16f18,faeb1160-5d15-4f26-99fc-c441cf21fc7f,,,0.3248226241630858,US/Eastern,US/Eastern,US/Eastern,81.0,68.0,52.0,55.0,29.0,22.0,55.8,40.0,20.0,25.0,13.0,10.0,65.0,40.0,11.0,20.0,10.0,14.0,90.9,70.0,30.0,29.0,13.0,11.0,4.0,6.0,4.0,0.0,9.0,9.0,18.0,15.0,1.0,0.1254612546125461,0.1077127659574468,0.1011029411764706,0.09665427509293681,0.1089108910891089,0.1035714285714286,0.6968641114982579,0.1936155447605829,0.1059322033898305,0.08928571428571429,0.1351351351351351,0.1477272727272727,0.6220839813374806,0.2640129975629569,0.1265822784810127,0.055,0.1627906976744186,0.06666666666666667,0.7,0.2238364934745137,0.1035714285714286,0.103448275862069,0.09482758620689655,0.0755813953488372,0.07894736842105263,0.04081632653061224,0.0,0.07142857142857142,0.05421686746987952,0.08035714285714286,0.08522727272727272,0.1125,0.3866279069767442,0.4,0.5,0.4,0.6845794392523364,0.258160237388724
84,109b21be-7036-4b85-8ed3-c0154d6c9bd2,2023-11-21,Boston University Terriers,Davidson Wildcats,5295.0,32433265-e022-4be1-bcd5-5883fe3155e9,de9a0e19-b83c-4b98-a6da-81c110cb364b,2920c5fa-1e86-4958-a7c4-1e97b8e201d8,,,0.4574797641650845,US/Eastern,US/Eastern,US/Eastern,86.0,57.0,55.0,53.0,31.0,18.0,56.4,34.0,21.0,12.0,10.0,2.0,47.6,16.7,26.0,24.0,14.0,19.0,53.8,79.2,41.0,29.0,17.0,6.0,4.0,8.0,3.0,1.0,14.0,13.0,18.0,22.0,1.0,0.1051660516605166,0.3404255319148936,0.0974264705882353,0.3364312267657992,0.0891089108910891,0.3178571428571428,0.5923344947735192,0.5149201943095073,0.05084745762711865,0.3080357142857143,0.02702702702702703,0.2272727272727273,0.2597200622083982,0.3623070674248579,0.1518987341772152,0.44,0.2209302325581395,0.3866666666666667,0.792,0.4821472543708446,0.1035714285714286,0.4448275862068966,0.05172413793103448,0.2848837209302326,0.1052631578947368,0.2653061224489796,0.02941176470588235,0.3392857142857143,0.0783132530120482,0.3928571428571428,0.125,0.3625,0.05232558139534884,0.4,0.5,0.4,0.8761682242990654,0.9406528189910979
85,1b1922bb-55b3-4840-b0bd-d693a98b35b1,2023-11-21,LIU Sharks,Columbia Lions,2500.0,e30178c1-fbfc-47e0-92f7-37855cb3a81b,b5a804f1-19a4-4183-ab05-43e309e65a5a,ca74bd67-034c-4468-8487-6f983f5eb4f6,,,0.2936944139102628,US/Mountain,US/Mountain,US/Eastern,89.0,48.0,72.0,59.0,30.0,19.0,41.7,32.2,22.0,13.0,7.0,3.0,31.8,23.1,27.0,11.0,22.0,7.0,81.5,63.6,53.0,34.0,11.0,10.0,8.0,2.0,8.0,1.0,7.0,17.0,15.0,19.0,1.0,0.08856088560885608,0.1183510638297872,0.1084558823529412,0.1338289962825279,0.09405940594059406,0.1071428571428571,0.5609756097560976,0.1446911866759195,0.05508474576271186,0.09821428571428571,0.04054054054054054,0.07954545454545454,0.359253499222395,0.1291632818846466,0.06962025316455696,0.135,0.08139534883720931,0.1466666666666667,0.636,0.2006894853484363,0.1214285714285714,0.1827586206896552,0.08620689655172414,0.06395348837209303,0.02631578947368421,0.08163265306122448,0.02941176470588235,0.1428571428571428,0.1024096385542169,0.0625,0.1079545454545455,0.09375,0.7441860465116279,0.8,0.5,0.8,0.7126168224299065,0.02967359050445104
86,4e603c53-cdf7-4d97-81fe-42602c216d5b,2023-11-21,UMBC Retrievers,Maryland Terrapins,17950.0,0b2f6987-6c44-456a-b8f9-69daf8c72909,32755362-6336-4dd3-ac34-6f72a6cc150b,2778d005-cc14-4e58-9bf2-3fc37bffb62f,,,0.04421904666733287,US/Central,US/Central,US/Eastern,89.0,67.0,69.0,61.0,36.0,22.0,52.2,36.1,22.0,30.0,8.0,8.0,36.4,26.7,11.0,17.0,9.0,15.0,81.8,88.2,38.0,29.0,14.0,13.0,5.0,4.0,4.0,4.0,7.0,9.0,15.0,15.0,1.0,0.1236162361623616,0.1183510638297872,0.1121323529411765,0.1282527881040892,0.1089108910891089,0.1285714285714286,0.6289198606271778,0.1811242192921582,0.1271186440677966,0.09821428571428571,0.1081081081081081,0.09090909090909091,0.4152410575427683,0.1478472786352559,0.1075949367088608,0.055,0.1744186046511628,0.06,0.882,0.2014282196503324,0.1035714285714286,0.1310344827586207,0.1120689655172414,0.08139534883720931,0.05263157894736842,0.05102040816326531,0.1176470588235294,0.07142857142857142,0.05421686746987952,0.0625,0.08522727272727272,0.09375,0.3982558139534884,0.2,0.5,0.2,0.1869158878504673,0.2195845697329377
87,1edf30f1-e4e8-4965-8e68-3942a273a5e1,2023-11-21,USC Upstate Spartans,Ball State Cardinals,11500.0,32d6bdb0-2dda-4915-ba43-442c24616ca5,2e78bd1b-9422-491e-9c73-37cf83b0e34e,315c4deb-3c9d-413d-a369-7168f2545d21,,,0.2499250524632757,US/Eastern,US/Eastern,US/Eastern,81.0,70.0,55.0,46.0,31.0,24.0,56.4,52.2,21.0,15.0,8.0,6.0,38.1,40.0,18.0,22.0,11.0,16.0,61.1,72.7,29.0,25.0,18.0,9.0,6.0,4.0,1.0,2.0,9.0,12.0,18.0,21.0,1.0,0.2693726937269373,0.3204787234042553,0.2830882352941176,0.3438661710037175,0.2673267326732673,0.325,0.6260162601626017,0.1721027064538515,0.2584745762711864,0.2901785714285715,0.2702702702702703,0.25,0.5225505443234837,0.1376929325751422,0.1645569620253164,0.27,0.2093023255813954,0.2466666666666667,0.5756666666666667,0.168677665599606,0.2821428571428571,0.3896551724137931,0.1810344827586207,0.3255813953488372,0.2105263157894737,0.2244897959183673,0.4117647058823529,0.05357142857142857,0.3493975903614458,0.2232142857142857,0.3579545454545455,0.3,0.8837209302325582,0.4,0.5,0.4,0.1682242990654206,0.8694362017804155
88,a9aa0d4c-85b6-465d-bd4c-f630e780ca71,2023-11-21,Hofstra Pride,Wright State Raiders,7186.0,04c5def5-5401-4984-b0ab-1e7f061d2411,36ca2008-cd2e-4549-8b3b-c745167e07f3,9c396fa7-c165-4599-8542-158bd0d9a199,,,0.05556110722494254,US/Eastern,US/Eastern,US/Eastern,77.0,83.0,59.0,66.0,29.0,36.0,49.2,54.5,20.0,17.0,5.0,7.0,25.0,41.2,20.0,6.0,14.0,4.0,70.0,66.7,35.0,31.0,13.0,12.0,3.0,5.0,4.0,3.0,10.0,8.0,12.0,20.0,1.0,0.1531365313653137,0.1023936170212766,0.1213235294117647,0.1096654275092937,0.1782178217821782,0.1035714285714286,0.9494773519163763,0.1707147814018043,0.07203389830508475,0.08928571428571429,0.0945945945945946,0.05681818181818182,0.640746500777605,0.1015434606011373,0.0379746835443038,0.1,0.04651162790697674,0.09333333333333334,0.667,0.1723713371090864,0.1107142857142857,0.1206896551724138,0.103448275862069,0.0755813953488372,0.06578947368421052,0.03061224489795918,0.08823529411764706,0.07142857142857142,0.04819277108433735,0.08928571428571429,0.1136363636363636,0.075,0.4069767441860465,0.4,0.5,0.4,0.205607476635514,0.9940652818991098
89,4ea45104-efc8-465c-8a46-b42fab529371,2023-11-21,UAB Blazers,Middle Tennessee Blue Raiders,11520.0,12d526ed-1fbf-4caf-bdf4-f4fceeb95d31,63a8fdcf-b51b-4de3-8a57-2a6e41d362ce,3d2f0819-8f3b-4ff3-afd6-6227c469a751,,,0.2604676726291596,US/Eastern,US/Eastern,US/Central,93.0,85.0,64.0,70.0,34.0,31.0,53.1,44.3,14.0,21.0,5.0,5.0,35.7,23.8,28.0,21.0,20.0,18.0,71.4,85.7,35.0,39.0,14.0,19.0,10.0,11.0,4.0,4.0,19.0,22.0,17.0,27.0,1.0,0.1568265682656827,0.3497340425531915,0.1286764705882353,0.379182156133829,0.1534653465346535,0.35,0.7717770034843205,0.5013879250520472,0.08898305084745763,0.2410714285714286,0.06756756756756757,0.2386363636363636,0.3701399688958009,0.4699431356620634,0.1329113924050633,0.3,0.2093023255813954,0.3066666666666666,0.857,0.5762127554789461,0.1392857142857143,0.3827586206896552,0.1637931034482759,0.2674418604651163,0.1447368421052632,0.3877551020408163,0.1176470588235294,0.2142857142857143,0.1325301204819277,0.3125,0.1534090909090909,0.26875,0.7122093023255814,0.4,0.25,0.4,0.3855140186915888,0.2077151335311573
90,c3a2e3b5-bd60-4533-9725-1a54e125f53e,2023-11-21,Utah State Aggies,Stephen F. Austin Lumberjacks,2500.0,9dafedba-2a67-4d35-9e66-20676c2d81d6,7672ff16-8436-47e6-8546-0fb5494ec7ee,5ef64f01-86ae-4553-9834-c79cc0859eaf,,,,,,,,,,,,,,,,,,,,,,,,,,,,,,,,,,,,,,,,,,,,,,,,,,,,,,,,,,,,,,,,,,,,,,,,,,,,,
91,d229ca5b-bebf-4207-ad85-188bd035e3fa,2023-11-21,Blue Mountain Toppers,Nicholls State Colonels,3800.0,2575a06f-aca7-42b7-8c57-f6b9290f2506,c9e06762-c40b-4b2e-90fb-8fff260f9383,c0d19efd-d40c-4e32-8e90-dbcb28178b5d,,,0.03097831517937444,US/Central,US/Central,,100.0,60.0,63.0,54.0,37.0,23.0,58.7,42.6,23.0,20.0,13.0,9.0,56.5,45.0,19.0,9.0,13.0,5.0,68.4,55.6,40.0,23.0,22.0,5.0,10.0,8.0,3.0,4.0,11.0,19.0,14.0,17.0,1.0,0.1107011070110701,0.4202127659574468,0.09926470588235294,0.3810408921933086,0.1138613861386139,0.4535714285714286,0.7421602787456446,0.6436502428868841,0.0847457627118644,0.3258928571428572,0.1216216216216216,0.3522727272727273,0.6998444790046656,0.5219333874898456,0.05696202531645569,0.205,0.05813953488372093,0.2066666666666667,0.556,0.5712878601329722,0.08214285714285714,0.4068965517241379,0.04310344827586207,0.3720930232558139,0.1052631578947368,0.4489795918367347,0.1176470588235294,0.1607142857142857,0.1144578313253012,0.3482142857142857,0.09659090909090909,0.225,0.5087209302325582,0.2,-0.25,0.2,0.7897196261682243,0.3857566765578635
92,9d2192bf-420b-4894-bdbb-8982d9a15a5c,2023-11-21,Texas Southern Tigers,Oral Roberts Golden Eagles,11300.0,505ec6d0-d2ec-4e8b-bbc1-fc0eec75117e,eb157f98-0697-459c-9293-ddb162ceb28b,095417ae-62b0-4109-afc4-d92918599dd4,,,0.6912661137203957,US/Central,US/Central,US/Central,78.0,54.0,61.0,60.0,28.0,21.0,45.9,35.0,17.0,18.0,5.0,4.0,29.4,22.2,22.0,15.0,17.0,8.0,77.3,53.3,37.0,41.0,12.0,7.0,8.0,5.0,2.0,4.0,12.0,19.0,14.0,22.0,1.0,0.4833948339483395,0.4015957446808511,0.4669117647058824,0.3977695167286245,0.4653465346534654,0.3714285714285714,0.6428571428571429,0.1701943095072866,0.2796610169491525,0.3125,0.2702702702702703,0.2727272727272727,0.4836702954898912,0.1387083671811535,0.5949367088607594,0.44,0.627906976744186,0.4666666666666667,0.5634999999999999,0.1958877123861118,0.4642857142857143,0.5517241379310345,0.1896551724137931,0.3604651162790697,0.3421052631578947,0.2653061224489796,0.2352941176470588,0.25,0.3493975903614458,0.5714285714285714,0.4545454545454545,0.3125,0.1308139534883721,0.2,0.25,0.2,0.9322429906542056,0.9673590504451038
93,91414033-4260-4bf5-ada9-ab88a2516fb3,2023-11-21,Western Illinois Leathernecks,Valparaiso Beacons,5000.0,295e1a3c-40a5-40d6-a95a-888e896598f5,cc9e5424-ab3b-41ec-b2aa-7e8a73d759c6,df3da9d7-2d2b-44e2-99e2-08c4945a203b,,,0.1968621964624763,US/Eastern,US/Eastern,US/Central,70.0,37.0,61.0,54.0,29.0,15.0,47.5,27.8,21.0,21.0,6.0,2.0,28.6,9.5,9.0,11.0,6.0,5.0,66.7,45.5,38.0,36.0,11.0,5.0,7.0,3.0,6.0,0.0,8.0,18.0,13.0,10.0,1.0,0.6033210332103321,0.526595744680851,0.5625,0.6486988847583643,0.5792079207920792,0.5464285714285714,0.6599303135888503,0.1514920194309507,0.5296610169491526,0.5223214285714286,0.4054054054054054,0.4545454545454545,0.3648522550544324,0.1483346872461414,0.5253164556962026,0.355,0.7325581395348837,0.3333333333333333,0.7094,0.1728145776902241,0.5357142857142857,0.7586206896551724,0.5086206896551724,0.3313953488372093,0.3289473684210527,0.336734693877551,0.4117647058823529,0.3571428571428572,0.2650602409638554,0.6785714285714286,0.3522727272727273,0.55625,0.7965116279069767,0.4,0.25,0.4,0.8014018691588785,0.005934718100890208
94,ee8640f6-debd-412e-a80f-e7a221657089,2023-11-21,Alabama A&M Bulldogs,Auburn Tigers,9121.0,0b181487-42ee-4324-9785-bf798c2b4c10,949c3398-85e4-4c63-ba71-9a82e06ddea4,0c0608b3-f349-4f5e-9a10-7e6a744dd0d2,,,0.2807534725692016,US/Central,US/Central,US/Central,87.0,76.0,63.0,64.0,30.0,28.0,47.6,43.8,30.0,18.0,11.0,7.0,36.7,38.9,23.0,19.0,16.0,13.0,69.6,68.4,34.0,38.0,16.0,13.0,7.0,9.0,3.0,4.0,15.0,20.0,17.0,24.0,1.0,0.2804428044280443,0.6702127659574468,0.2352941176470588,0.6728624535315985,0.2772277227722773,0.6285714285714286,0.7630662020905923,0.5062456627342123,0.1525423728813559,0.7053571428571429,0.1891891891891892,0.7045454545454546,0.6049766718506998,0.4805036555645817,0.2405063291139241,0.66,0.3023255813953488,0.6,0.684,0.5038167938931297,0.2714285714285714,0.7724137931034483,0.2241379310344828,0.4767441860465116,0.2368421052631579,0.3673469387755102,0.2352941176470588,0.5357142857142857,0.2409638554216867,0.7321428571428571,0.2727272727272727,0.65,0.2383720930232558,0.2,0.25,0.2,0.5630841121495327,0.5370919881305638
95,16af1490-0d64-432f-a706-9bb47e57dad4,2023-11-21,Purdue Boilermakers,Tennessee Volunteers,10300.0,2e713b00-8015-42c7-813b-643f41b0d384,12d7f888-675b-459f-9099-a38f771d8a95,b827dbdf-230f-4916-9703-3bb9004e26eb,,,,,,,,,,,,,,,,,,,,,,,,,,,,,,,,,,,,,,,,,,,,,,,,,,,,,,,,,,,,,,,,,,,,,,,,,,,,,
96,cd93e30b-88d8-4d85-8855-264cf0e50f5d,2023-11-21,Lynn Fighting Knights,South Alabama Jaguars,10041.0,d6e5d172-c88f-411d-b421-4b59b9507e44,9931c307-713c-4669-81f8-e9c285fd67f9,10c614fa-9646-46cf-a1fb-5af96772bbb8,,,0.06565404217048067,US/Eastern,US/Eastern,,81.0,46.0,63.0,52.0,32.0,15.0,50.8,28.8,30.0,20.0,10.0,3.0,33.3,15.0,12.0,21.0,7.0,13.0,58.3,61.9,50.0,28.0,21.0,3.0,14.0,10.0,1.0,1.0,17.0,16.0,18.0,15.0,1.0,0.08487084870848709,0.1077127659574468,0.09558823529411764,0.1171003717472119,0.07425742574257425,0.1142857142857143,0.5017421602787456,0.1762664816099931,0.0847457627118644,0.1339285714285714,0.04054054054054054,0.1136363636363636,0.2332814930015552,0.1352558895207149,0.1329113924050633,0.06,0.1511627906976744,0.04666666666666667,0.619,0.1435606993351391,0.1,0.1724137931034483,0.02586206896551724,0.1220930232558139,0.131578947368421,0.1428571428571428,0.02941176470588235,0.01785714285714286,0.0963855421686747,0.1517857142857143,0.08522727272727272,0.1125,0.8895348837209303,0.4,-0.25,0.4,0.5864485981308412,0.8041543026706232
97,22108d6d-a117-4709-87ac-1d4181d9709e,2023-11-21,Alcorn State Braves,TCU Horned Frogs,6800.0,1819e403-3649-4114-af21-f21d70cceb61,1bddc811-44cf-4e53-b4ab-11c8dc82c9de,f7fcbb6e-4a55-41ea-ba21-f763ed914467,,,0.1063255720995303,US/Central,US/Central,US/Central,60.0,69.0,54.0,54.0,21.0,24.0,38.9,44.4,22.0,13.0,5.0,5.0,22.7,38.5,23.0,23.0,13.0,16.0,56.5,69.6,31.0,40.0,12.0,8.0,5.0,11.0,3.0,0.0,21.0,20.0,25.0,24.0,1.0,0.584870848708487,0.5558510638297872,0.5110294117647058,0.5799256505576208,0.5742574257425742,0.5464285714285714,0.7282229965156795,0.1687022900763359,0.3432203389830508,0.3482142857142857,0.4459459459459459,0.3522727272727273,0.6391912908242613,0.1674248578391552,0.4240506329113924,0.575,0.6046511627906976,0.54,0.7935999999999999,0.1723220881556267,0.6214285714285714,0.7137931034482758,0.4655172413793103,0.5697674418604651,0.618421052631579,0.6224489795918368,0.4705882352941176,0.375,0.4698795180722892,0.8125,0.6136363636363636,0.69375,0.6744186046511628,0.2,0.25,0.2,0.0911214953271028,0.3620178041543027
98,a5831996-4481-4fe6-9b8c-bd91f619853a,2023-11-21,Fresno State Bulldogs,New Mexico State Aggies,,189ba801-068e-41f7-a5f5-572308a915b6,dd8db4d8-d984-4cab-b7f6-22c6b8c2c45f,5016fe1a-9571-4d10-bf5b-b9c1b496bd57,,,0.006045767962426301,US/Pacific,US/Pacific,US/Pacific,61.0,54.0,61.0,42.0,22.0,19.0,36.1,45.2,16.0,12.0,4.0,4.0,25.0,33.3,15.0,17.0,13.0,12.0,86.7,70.6,39.0,29.0,12.0,9.0,7.0,4.0,2.0,4.0,8.0,16.0,15.0,15.0,1.0,0.0996309963099631,0.2805851063829787,0.07720588235294118,0.3104089219330855,0.09405940594059406,0.2714285714285714,0.7874564459930313,0.4784871616932685,0.05084745762711865,0.2767857142857143,0.05405405405405406,0.25,0.5178849144634525,0.4191714053614947,0.1075949367088608,0.315,0.1395348837209302,0.2466666666666667,0.706,0.4597389805466634,0.1035714285714286,0.4172413793103448,0.07758620689655173,0.3023255813953488,0.05263157894736842,0.1938775510204082,0.1176470588235294,0.1428571428571428,0.0963855421686747,0.375,0.08522727272727272,0.30625,0.5581395348837209,1.0,1.0,1.0,0.866822429906542,0.2314540059347181
99,b3bf9d36-383c-4da9-b8fd-429cfa312347,2023-11-21,Siena Saints,Milwaukee Panthers,9312.0,06ca93a2-f8d1-4e4a-a32a-43bd764c4e57,aba39ad0-6d9f-4946-bf7e-5c63bf966ce6,5d77800f-1ae6-4b66-8e97-b0dbb8bbc717,,,0.08399120615569101,US/Eastern,US/Eastern,US/Eastern,68.0,75.0,59.0,54.0,28.0,28.0,47.5,51.9,10.0,17.0,2.0,7.0,20.0,41.2,23.0,21.0,10.0,12.0,43.5,57.1,34.0,38.0,7.0,13.0,9.0,4.0,3.0,2.0,14.0,15.0,19.0,19.0,1.0,0.1383763837638377,0.09042553191489362,0.09926470588235294,0.1096654275092937,0.1386138613861386,0.1,0.9041811846689896,0.1648160999306038,0.07203389830508475,0.04464285714285714,0.0945945945945946,0.02272727272727273,0.640746500777605,0.08123476848090982,0.1329113924050633,0.115,0.1395348837209302,0.06666666666666667,0.571,0.1071164737749323,0.1357142857142857,0.1172413793103448,0.1120689655172414,0.04069767441860465,0.05263157894736842,0.09183673469387756,0.05882352941176471,0.05357142857142857,0.09036144578313253,0.125,0.1079545454545455,0.11875,0.7645348837209303,0.4,0.5,0.4,0.6752336448598131,0.1958456973293768
100,3bae75a3-98a3-4e11-a70a-32397ff8eceb,2023-11-21,Pepperdine Waves,UC Irvine Anteaters,6000.0,47eb3957-b994-44d0-838a-86182e057399,17479d6f-c8f1-458b-9412-8c76279a2bb4,39d00ef7-320d-47cf-a2fa-859bc24d16b4,,,0.05696012791046268,US/Pacific,US/Pacific,US/Pacific,74.0,71.0,68.0,55.0,26.0,26.0,38.2,47.3,22.0,21.0,8.0,7.0,36.4,33.3,17.0,15.0,14.0,12.0,82.4,80.0,33.0,38.0,16.0,10.0,8.0,4.0,2.0,8.0,8.0,17.0,16.0,18.0,1.0,0.1309963099630996,0.09840425531914894,0.1011029411764706,0.1263940520446097,0.1287128712871287,0.09285714285714286,0.8240418118466899,0.1325468424705066,0.08898305084745763,0.09821428571428571,0.0945945945945946,0.09090909090909091,0.5178849144634525,0.1478472786352559,0.0949367088607595,0.085,0.1395348837209302,0.09333333333333334,0.8,0.2029056882541246,0.1357142857142857,0.1137931034482759,0.08620689655172414,0.09302325581395349,0.05263157894736842,0.08163265306122448,0.2352941176470588,0.03571428571428571,0.1024096385542169,0.07142857142857142,0.1022727272727273,0.1,0.3430232558139535,1.0,1.0,1.0,0.07009345794392523,0.7596439169139466
101,01b756a3-c1d7-4ba8-9509-0a91aa5dbad3,2023-11-21,Arkansas-Pine Bluff Golden Lions,Minnesota Golden Gophers,14625.0,f72da915-1ddd-41a0-9e19-0b0c7f6f30c5,1394dd8a-040e-4509-9ee3-761d60eaf6c9,fa416692-7e09-4f0a-9bcf-0cf7d5149a14,,,0.2830018986709303,US/Central,US/Central,US/Central,80.0,47.0,62.0,61.0,29.0,18.0,46.8,29.5,26.0,29.0,7.0,6.0,26.9,20.7,19.0,7.0,15.0,5.0,78.9,71.4,46.0,34.0,18.0,9.0,14.0,6.0,6.0,2.0,12.0,18.0,9.0,19.0,1.0,0.566420664206642,0.4680851063829787,0.5496323529411765,0.5390334572490706,0.5742574257425742,0.4892857142857143,0.6770034843205575,0.164469118667592,0.4533898305084746,0.4642857142857143,0.5135135135135135,0.375,0.5297045101088647,0.1420796100731113,0.3354430379746836,0.355,0.4302325581395349,0.3,0.6996000000000001,0.1524255109578921,0.6,0.7448275862068966,0.6120689655172413,0.4883720930232558,0.4473684210526316,0.5918367346938775,0.5294117647058824,0.3571428571428572,0.4096385542168675,0.6428571428571429,0.6306818181818182,0.40625,0.5290697674418605,0.2,0.25,0.2,0.0514018691588785,0.6379821958456974
102,9c7e457a-396e-47dc-b190-9f03dcfa165c,2023-11-21,UC Riverside Highlanders,Green Bay Phoenix,8455.0,3213f809-1a69-4d2e-8a39-66a5b4782c0d,6b170a32-8445-4cb1-8638-724996c3094b,61a3e5ab-1be3-4694-b83f-edae0953f409,,,0.05106425502148496,US/Pacific,US/Pacific,US/Pacific,79.0,81.0,63.0,55.0,31.0,28.0,49.2,50.9,27.0,14.0,11.0,5.0,40.7,35.7,10.0,29.0,6.0,20.0,60.0,69.0,29.0,37.0,13.0,13.0,7.0,6.0,1.0,2.0,12.0,15.0,21.0,19.0,1.0,0.3929889298892989,0.3683510638297872,0.3658088235294117,0.3996282527881041,0.4257425742574257,0.3821428571428571,0.7636469221835076,0.1725653481378672,0.2372881355932203,0.4419642857142857,0.1756756756756757,0.4204545454545455,0.3820632452047693,0.152856756024912,0.310126582278481,0.19,0.3255813953488372,0.1733333333333333,0.4966666666666666,0.1664614626939178,0.4464285714285715,0.5137931034482759,0.2327586206896552,0.4011627906976744,0.2105263157894737,0.2142857142857143,0.2941176470588235,0.08928571428571429,0.2710843373493976,0.3571428571428572,0.3579545454545455,0.34375,0.6104651162790697,1.0,1.0,1.0,0.4182242990654206,0.2611275964391692
103,7b010b47-62e6-4f4e-8d27-0c567564157a,2023-11-21,Le Moyne Dolphins,Cal State Northridge Matadors,2400.0,71d77907-2374-4969-9d8c-fc7100d47c28,a7086972-971c-4333-9944-5120c6ed6c42,cb732075-23a5-4e71-9037-50a7a002bdb2,,,,,,,,,,,,,,,,,,,,,,,,,,,,,,,,,,,,,,,,,,,,,,,,,,,,,,,,,,,,,,,,,,,,,,,,,,,,,
104,1a4c1865-b4dd-4396-a32f-6019a8f6636b,2023-11-21,Marquette Golden Eagles,Kansas Jayhawks,10300.0,2e713b00-8015-42c7-813b-643f41b0d384,06f7c904-0ac7-4125-b0f4-f4871bb69057,fae4855b-1b64-4b40-a632-9ed345e1e952,,,0.743279704207055,US/Eastern,US/Eastern,US/Central,75.0,70.0,56.0,72.0,27.0,27.0,48.2,37.5,27.0,35.0,9.0,11.0,33.3,31.4,18.0,7.0,12.0,5.0,66.7,71.4,35.0,39.0,12.0,17.0,3.0,4.0,5.0,1.0,6.0,8.0,10.0,19.0,1.0,0.1291512915129151,0.4906914893617021,0.1323529411764706,0.550185873605948,0.1336633663366337,0.4607142857142857,0.6533101045296167,0.7744621790423317,0.1483050847457627,0.59375,0.1486486486486487,0.4204545454545455,0.4883359253499223,0.5073111291632819,0.04430379746835443,0.48,0.05813953488372093,0.4933333333333333,0.7140000000000001,0.9438561930558975,0.1392857142857143,0.7689655172413793,0.146551724137931,0.4302325581395349,0.05263157894736842,0.3571428571428572,0.02941176470588235,0.5535714285714286,0.04819277108433735,0.5,0.1079545454545455,0.4375,0.6191860465116279,0.4,0.25,0.4,0.007009345794392523,0.05637982195845697
105,501f0808-8220-4da5-9941-66d0bafe0ac5,2023-11-21,Toledo Rockets,New Mexico Lobos,6000.0,47eb3957-b994-44d0-838a-86182e057399,34dd83ac-64f2-4b73-8577-899b2a46f5cc,1b1977ec-b32f-4ce3-95a4-d07bab4816cd,,,,,,,,,,,,,,,,,,,,,,,,,,,,,,,,,,,,,,,,,,,,,,,,,,,,,,,,,,,,,,,,,,,,,,,,,,,,,
